date,drawdown
2020-07-20,0.0000
2020-07-21,0.0000
2020-07-22,-0.0067
2020-07-23,-0.0101
2020-07-24,-0.0205
2020-07-27,-0.0381
2020-07-28,-0.0255
2020-07-29,-0.0265
2020-07-30,-0.0620
2020-07-31,-0.0737
2020-08-03,-0.0680
2020-08-04,-0.0621
2020-08-05,-0.0489
2020-08-06,-0.0564
2020-08-07,-0.0590
2020-08-10,-0.0471
2020-08-11,-0.0326
2020-08-12,-0.0170
2020-08-13,-0.0261
2020-08-14,-0.0362
2020-08-17,-0.0435
2020-08-18,-0.0492
2020-08-19,-0.0383
2020-08-20,-0.0569
2020-08-21,-0.0644
2020-08-24,-0.0357
2020-08-25,-0.0525
2020-08-26,-0.0599
2020-08-27,-0.0698
2020-08-28,-0.0713
2020-08-31,-0.0791
2020-09-01,-0.0838
2020-09-02,-0.0792
2020-09-03,-0.0913
2020-09-04,-0.0988
2020-09-07,-0.0848
2020-09-08,-0.1040
2020-09-09,-0.0869
2020-09-10,-0.0876
2020-09-11,-0.0898
2020-09-14,-0.0954
2020-09-15,-0.0898
2020-09-16,-0.0939
2020-09-17,-0.0950
2020-09-18,-0.1142
2020-09-21,-0.1432
2020-09-22,-0.1463
2020-09-23,-0.1438
2020-09-24,-0.1472
2020-09-25,-0.1540
2020-09-28,-0.1301
2020-09-29,-0.1412
2020-09-30,-0.1505
2020-10-01,-0.1521
2020-10-02,-0.1575
2020-10-05,-0.1458
2020-10-06,-0.1439
2020-10-07,-0.1543
2020-10-08,-0.1426
2020-10-09,-0.1442
2020-10-12,-0.1439
2020-10-13,-0.1502
2020-10-14,-0.1466
2020-10-15,-0.1770
2020-10-16,-0.1726
2020-10-19,-0.1646
2020-10-20,-0.1601
2020-10-21,-0.1783
2020-10-22,-0.1752
2020-10-23,-0.1607
2020-10-26,-0.1693
2020-10-27,-0.1885
2020-10-28,-0.2106
2020-10-29,-0.2230
2020-10-30,-0.2170
2020-11-02,-0.1968
2020-11-03,-0.1850
2020-11-04,-0.1717
2020-11-05,-0.1721
2020-11-06,-0.1760
2020-11-09,-0.1213
2020-11-10,-0.0958
2020-11-11,-0.1020
2020-11-12,-0.1122
2020-11-13,-0.1054
2020-11-16,-0.0842
2020-11-17,-0.0839
2020-11-18,-0.0797
2020-11-19,-0.0800
2020-11-20,-0.0717
2020-11-23,-0.0674
2020-11-24,-0.0461
2020-11-25,-0.0401
2020-11-26,-0.0486
2020-11-27,-0.0378
2020-11-30,-0.0554
2020-12-01,-0.0607
2020-12-02,-0.0573
2020-12-03,-0.0611
2020-12-04,-0.0537
2020-12-07,-0.0473
2020-12-08,-0.0460
2020-12-09,-0.0410
2020-12-10,-0.0380
2020-12-11,-0.0491
2020-12-14,-0.0455
2020-12-15,-0.0429
2020-12-16,-0.0507
2020-12-17,-0.0680
2020-12-18,-0.0809
2020-12-21,-0.1272
2020-12-22,-0.1236
2020-12-23,-0.1060
2020-12-24,-0.1067
2020-12-28,-0.0990
2020-12-29,-0.1021
2020-12-30,-0.1062
2020-12-31,-0.1142
2021-01-04,-0.1186
2021-01-05,-0.1202
2021-01-06,-0.0961
2021-01-07,-0.0903
2021-01-08,-0.0901
2021-01-11,-0.0953
2021-01-12,-0.0940
2021-01-13,-0.0871
2021-01-14,-0.0913
2021-01-15,-0.1062
2021-01-18,-0.0977
2021-01-19,-0.0944
2021-01-20,-0.0974
2021-01-21,-0.1088
2021-01-22,-0.1195
2021-01-25,-0.1193
2021-01-26,-0.1105
2021-01-27,-0.0956
2021-01-28,-0.1085
2021-01-29,-0.1248
2021-02-01,-0.1227
2021-02-02,-0.1179
2021-02-03,-0.0999
2021-02-04,-0.0988
2021-02-05,-0.0979
2021-02-08,-0.0939
2021-02-09,-0.1001
2021-02-10,-0.0960
2021-02-11,-0.1050
2021-02-12,-0.0911
2021-02-15,-0.0786
2021-02-16,-0.0887
2021-02-17,-0.0949
2021-02-18,-0.1048
2021-02-19,-0.0985
2021-02-22,-0.0913
2021-02-23,-0.0800
2021-02-24,-0.0784
2021-02-25,-0.0732
2021-02-26,-0.0827
2021-03-01,-0.0716
2021-03-02,-0.0796
2021-03-03,-0.0743
2021-03-04,-0.0620
2021-03-05,-0.0599
2021-03-08,-0.0440
2021-03-09,-0.0406
2021-03-10,-0.0347
2021-03-11,-0.0360
2021-03-12,-0.0316
2021-03-15,-0.0316
2021-03-16,-0.0303
2021-03-17,-0.0304
2021-03-18,-0.0257
2021-03-19,-0.0297
2021-03-22,-0.0307
2021-03-23,-0.0264
2021-03-24,-0.0181
2021-03-25,-0.0238
2021-03-26,-0.0189
2021-03-29,-0.0109
2021-03-30,-0.0098
2021-03-31,-0.0078
2021-04-01,-0.0072
2021-04-05,-0.0072
2021-04-06,-0.0117
2021-04-07,-0.0029
2021-04-08,-0.0154
2021-04-09,-0.0185
2021-04-12,-0.0221
2021-04-13,-0.0218
2021-04-14,-0.0127
2021-04-15,-0.0148
2021-04-16,-0.0168
2021-04-19,-0.0072
2021-04-20,-0.0394
2021-04-21,-0.0358
2021-04-22,-0.0294
2021-04-23,-0.0392
2021-04-26,-0.0311
2021-04-27,-0.0310
2021-04-28,-0.0253
2021-04-29,-0.0248
2021-04-30,-0.0315
2021-05-03,-0.0232
2021-05-04,-0.0232
2021-05-05,-0.0110
2021-05-06,0.0000
2021-05-07,0.0000
2021-05-10,0.0000
2021-05-11,-0.0074
2021-05-12,0.0000
2021-05-13,-0.0118
2021-05-14,-0.0010
2021-05-17,0.0000
2021-05-18,0.0000
2021-05-19,-0.0115
2021-05-20,-0.0110
2021-05-21,-0.0072
2021-05-24,-0.0131
2021-05-25,-0.0148
2021-05-26,-0.0105
2021-05-27,-0.0071
2021-05-28,-0.0035
2021-05-31,-0.0043
2021-06-01,0.0000
2021-06-02,0.0000
2021-06-03,0.0000
2021-06-04,0.0000
2021-06-07,0.0000
2021-06-08,-0.0018
2021-06-09,-0.0046
2021-06-10,0.0000
2021-06-11,-0.0070
2021-06-14,0.0000
2021-06-15,0.0000
2021-06-16,-0.0040
2021-06-17,-0.0104
2021-06-18,-0.0262
2021-06-21,-0.0205
2021-06-22,-0.0260
2021-06-23,-0.0324
2021-06-24,-0.0211
2021-06-25,-0.0173
2021-06-28,-0.0292
2021-06-29,-0.0284
2021-06-30,-0.0361
2021-07-01,-0.0240
2021-07-02,-0.0236
2021-07-05,-0.0107
2021-07-06,-0.0582
2021-07-07,-0.0617
2021-07-08,-0.0839
2021-07-09,-0.0742
2021-07-12,-0.0665
2021-07-13,-0.0755
2021-07-14,-0.0745
2021-07-15,-0.0811
2021-07-16,-0.0859
2021-07-19,-0.1077
2021-07-20,-0.1000
2021-07-21,-0.0785
2021-07-22,-0.0789
2021-07-23,-0.0693
2021-07-26,-0.0611
2021-07-27,-0.0577
2021-07-28,-0.0543
2021-07-29,-0.0456
2021-07-30,-0.0454
2021-08-02,-0.0445
2021-08-03,-0.0341
2021-08-04,-0.0334
2021-08-05,-0.0284
2021-08-06,-0.0234
2021-08-09,-0.0242
2021-08-10,-0.0217
2021-08-11,-0.0145
2021-08-12,-0.0147
2021-08-13,-0.0098
2021-08-16,-0.0160
2021-08-17,-0.0173
2021-08-18,-0.0141
2021-08-19,-0.0238
2021-08-20,-0.0294
2021-08-23,-0.0190
2021-08-24,-0.0232
2021-08-25,-0.0308
2021-08-26,-0.0375
2021-08-27,-0.0328
2021-08-30,-0.0323
2021-08-31,-0.0303
2021-09-01,-0.0214
2021-09-02,-0.0219
2021-09-03,-0.0301
2021-09-06,-0.0313
2021-09-07,-0.0362
2021-09-08,-0.0368
2021-09-09,-0.0382
2021-09-10,-0.0486
2021-09-13,-0.0315
2021-09-14,-0.0310
2021-09-15,-0.0271
2021-09-16,-0.0246
2021-09-17,-0.0377
2021-09-20,-0.0514
2021-09-21,-0.0381
2021-09-22,-0.0242
2021-09-23,-0.0140
2021-09-24,-0.0217
2021-09-27,-0.0063
2021-09-28,-0.0123
2021-09-29,-0.0034
2021-09-30,0.0000
2021-10-01,-0.0005
2021-10-04,0.0000
2021-10-05,0.0000
2021-10-06,-0.0085
2021-10-07,-0.0086
2021-10-08,0.0000
2021-10-11,-0.0020
2021-10-12,0.0000
2021-10-13,-0.0029
2021-10-14,0.0000
2021-10-15,0.0000
2021-10-18,-0.0129
2021-10-19,-0.0182
2021-10-20,-0.0111
2021-10-21,-0.0229
2021-10-22,-0.0189
2021-10-25,-0.0142
2021-10-26,-0.0106
2021-10-27,-0.0076
2021-10-28,-0.0156
2021-10-29,-0.0123
2021-11-01,0.0000
2021-11-02,-0.0009
2021-11-03,-0.0023
2021-11-04,0.0000
2021-11-05,0.0000
2021-11-08,-0.0051
2021-11-09,-0.0089
2021-11-10,0.0000
2021-11-11,-0.0051
2021-11-12,-0.0096
2021-11-15,-0.0032
2021-11-16,-0.0049
2021-11-17,-0.0019
2021-11-18,-0.0145
2021-11-19,-0.0309
2021-11-22,-0.0262
2021-11-23,-0.0225
2021-11-24,-0.0232
2021-11-25,-0.0265
2021-11-26,-0.0633
2021-11-29,-0.0531
2021-11-30,-0.0594
2021-12-01,-0.0461
2021-12-02,-0.0556
2021-12-03,-0.0475
2021-12-06,-0.0245
2021-12-07,-0.0147
2021-12-08,-0.0212
2021-12-09,-0.0241
2021-12-10,-0.0248
2021-12-13,-0.0285
2021-12-14,-0.0259
2021-12-15,-0.0269
2021-12-16,-0.0149
2021-12-17,-0.0462
2021-12-20,-0.0546
2021-12-21,-0.0364
2021-12-22,-0.0338
2021-12-23,-0.0268
2021-12-24,-0.0268
2021-12-27,-0.0226
2021-12-28,-0.0132
2021-12-29,-0.0190
2021-12-30,-0.0244
2021-12-31,-0.0244
2022-01-03,-0.0147
2022-01-04,-0.0095
2022-01-05,-0.0046
2022-01-06,-0.0099
2022-01-07,-0.0033
2022-01-10,-0.0080
2022-01-11,-0.0035
2022-01-12,0.0000
2022-01-13,-0.0021
2022-01-14,0.0000
2022-01-17,0.0000
2022-01-18,0.0000
2022-01-19,-0.0085
2022-01-20,-0.0057
2022-01-21,-0.0155
2022-01-24,-0.0375
2022-01-25,-0.0220
2022-01-26,-0.0073
2022-01-27,0.0000
2022-01-28,-0.0073
2022-01-31,-0.0210
2022-02-01,-0.0096
2022-02-02,-0.0057
2022-02-03,-0.0070
2022-02-04,-0.0178
2022-02-07,-0.0222
2022-02-08,-0.0223
2022-02-09,-0.0054
2022-02-10,0.0000
2022-02-11,-0.0017
2022-02-14,-0.0207
2022-02-15,-0.0178
2022-02-16,-0.0197
2022-02-17,-0.0269
2022-02-18,-0.0285
2022-02-21,-0.0347
2022-02-22,-0.0345
2022-02-23,-0.0411
2022-02-24,-0.0626
2022-02-25,-0.0331
2022-02-28,-0.0464
2022-03-01,-0.0506
2022-03-02,-0.0442
2022-03-03,-0.0701
2022-03-04,-0.1099
2022-03-07,-0.0905
2022-03-08,-0.0683
2022-03-09,-0.0448
2022-03-10,-0.0729
2022-03-11,-0.0741
2022-03-14,-0.0760
2022-03-15,-0.0725
2022-03-16,-0.0684
2022-03-17,-0.0586
2022-03-18,-0.0635
2022-03-21,-0.0531
2022-03-22,-0.0563
2022-03-23,-0.0641
2022-03-24,-0.0571
2022-03-25,-0.0473
2022-03-28,-0.0514
2022-03-29,-0.0557
2022-03-30,-0.0483
2022-03-31,-0.0502
2022-04-01,-0.0433
2022-04-04,-0.0436
2022-04-05,-0.0423
2022-04-06,-0.0474
2022-04-07,-0.0484
2022-04-08,-0.0253
2022-04-11,-0.0357
2022-04-12,-0.0385
2022-04-13,-0.0285
2022-04-14,-0.0169
2022-04-18,-0.0169
2022-04-19,-0.0228
2022-04-20,-0.0141
2022-04-21,-0.0306
2022-04-22,-0.0454
2022-04-25,-0.0620
2022-04-26,-0.0677
2022-04-27,-0.0596
2022-04-28,-0.0475
2022-04-29,-0.0505
2022-05-02,-0.0634
2022-05-03,-0.0416
2022-05-04,-0.0396
2022-05-05,-0.0405
2022-05-06,-0.0486
2022-05-09,-0.0706
2022-05-10,-0.0597
2022-05-11,-0.0428
2022-05-12,-0.0504
2022-05-13,-0.0386
2022-05-16,-0.0271
2022-05-17,-0.0221
2022-05-18,-0.0193
2022-05-19,-0.0187
2022-05-20,-0.0160
2022-05-23,-0.0121
2022-05-24,-0.0108
2022-05-25,0.0000
2022-05-26,0.0000
2022-05-27,-0.0094
2022-05-30,-0.0136
2022-05-31,-0.0202
2022-06-01,-0.0220
2022-06-02,-0.0234
2022-06-03,-0.0183
2022-06-06,-0.0054
2022-06-07,-0.0005
2022-06-08,-0.0093
2022-06-09,-0.0140
2022-06-10,-0.0519
2022-06-13,-0.0648
2022-06-14,-0.0757
2022-06-15,-0.0577
2022-06-16,-0.0676
2022-06-17,-0.0944
2022-06-20,-0.0815
2022-06-21,-0.0900
2022-06-22,-0.1117
2022-06-23,-0.1214
2022-06-24,-0.1039
2022-06-27,-0.1010
2022-06-28,-0.0866
2022-06-29,-0.0925
2022-06-30,-0.1126
2022-07-01,-0.1113
2022-07-04,-0.1040
2022-07-05,-0.1531
2022-07-06,-0.1629
2022-07-07,-0.1545
2022-07-08,-0.1482
2022-07-11,-0.1588
2022-07-12,-0.1651
2022-07-13,-0.1666
2022-07-14,-0.2010
2022-07-15,-0.1905
2022-07-18,-0.1797
2022-07-19,-0.1618
2022-07-20,-0.1794
2022-07-21,-0.1902
2022-07-22,-0.1837
2022-07-25,-0.1745
2022-07-26,-0.1766
2022-07-27,-0.1705
2022-07-28,-0.1698
2022-07-29,-0.1485
2022-08-01,-0.1589
2022-08-02,-0.1607
2022-08-03,-0.1678
2022-08-04,-0.1680
2022-08-05,-0.1566
2022-08-08,-0.1523
2022-08-09,-0.1405
2022-08-10,-0.1429
2022-08-11,-0.1353
2022-08-12,-0.1357
2022-08-15,-0.1348
2022-08-16,-0.1326
2022-08-17,-0.1366
2022-08-18,-0.1310
2022-08-19,-0.1408
2022-08-22,-0.1351
2022-08-23,-0.1267
2022-08-24,-0.1334
2022-08-25,-0.1299
2022-08-26,-0.1390
2022-08-29,-0.1347
2022-08-30,-0.1503
2022-08-31,-0.1717
2022-09-01,-0.1776
2022-09-02,-0.1578
2022-09-05,-0.1613
2022-09-06,-0.1751
2022-09-07,-0.1830
2022-09-08,-0.1883
2022-09-09,-0.1740
2022-09-12,-0.1640
2022-09-13,-0.1708
2022-09-14,-0.1712
2022-09-15,-0.1751
2022-09-16,-0.1832
2022-09-19,-0.1883
2022-09-20,-0.2021
2022-09-21,-0.1948
2022-09-22,-0.1925
2022-09-23,-0.2195
2022-09-26,-0.2238
2022-09-27,-0.2359
2022-09-28,-0.2380
2022-09-29,-0.2493
2022-09-30,-0.2463
2022-10-03,-0.2263
2022-10-04,-0.2166
2022-10-05,-0.2256
2022-10-06,-0.2398
2022-10-07,-0.2398
2022-10-10,-0.2442
2022-10-11,-0.2543
2022-10-12,-0.2675
2022-10-13,-0.2590
2022-10-14,-0.2476
2022-10-17,-0.2361
2022-10-18,-0.2308
2022-10-19,-0.2309
2022-10-20,-0.2169
2022-10-21,-0.2227
2022-10-24,-0.2140
2022-10-25,-0.2075
2022-10-26,-0.1972
2022-10-27,-0.1696
2022-10-28,-0.1664
2022-10-31,-0.1599
2022-11-01,-0.1545
2022-11-02,-0.1523
2022-11-03,-0.1522
2022-11-04,-0.1310
2022-11-07,-0.1224
2022-11-08,-0.1152
2022-11-09,-0.1134
2022-11-10,-0.1039
2022-11-11,-0.1064
2022-11-14,-0.0914
2022-11-15,-0.0872
2022-11-16,-0.0905
2022-11-17,-0.1022
2022-11-18,-0.0925
2022-11-21,-0.1130
2022-11-22,-0.0912
2022-11-23,-0.0937
2022-11-24,-0.0857
2022-11-25,-0.0857
2022-11-28,-0.1012
2022-11-29,-0.1007
2022-11-30,-0.1005
2022-12-01,-0.1030
2022-12-02,-0.1108
2022-12-05,-0.1131
2022-12-06,-0.1225
2022-12-07,-0.1272
2022-12-08,-0.1335
2022-12-09,-0.1268
2022-12-12,-0.1234
2022-12-13,-0.1133
2022-12-14,-0.1164
2022-12-15,-0.1455
2022-12-16,-0.1523
2022-12-19,-0.1666
2022-12-20,-0.1639
2022-12-21,-0.1462
2022-12-22,-0.1520
2022-12-23,-0.1500
2022-12-27,-0.1534
2022-12-28,-0.1563
2022-12-29,-0.1488
2022-12-30,-0.1654
2023-01-02,-0.1428
2023-01-03,-0.1348
2023-01-04,-0.1240
2023-01-05,-0.1354
2023-01-06,-0.1233
2023-01-09,-0.1231
2023-01-10,-0.1230
2023-01-11,-0.1116
2023-01-12,-0.1013
2023-01-13,-0.1008
2023-01-16,-0.0995
2023-01-17,-0.1060
2023-01-18,-0.0996
2023-01-19,-0.1054
2023-01-20,-0.1039
2023-01-23,-0.0935
2023-01-24,-0.0959
2023-01-25,-0.1001
2023-01-26,-0.0969
2023-01-27,-0.0958
2023-01-30,-0.0985
2023-01-31,-0.0950
2023-02-01,-0.0942
2023-02-02,-0.0895
2023-02-03,-0.0993
2023-02-06,-0.0958
2023-02-07,-0.0852
2023-02-08,-0.0776
2023-02-09,-0.0711
2023-02-10,-0.0653
2023-02-13,-0.0630
2023-02-14,-0.0626
2023-02-15,-0.0691
2023-02-16,-0.0618
2023-02-17,-0.0692
2023-02-20,-0.0694
2023-02-21,-0.0676
2023-02-22,-0.0830
2023-02-23,-0.0939
2023-02-24,-0.0980
2023-02-27,-0.0836
2023-02-28,-0.0875
2023-03-01,-0.1023
2023-03-02,-0.0965
2023-03-03,-0.0913
2023-03-06,-0.0852
2023-03-07,-0.0884
2023-03-08,-0.0855
2023-03-09,-0.0865
2023-03-10,-0.0928
2023-03-13,-0.1119
2023-03-14,-0.1021
2023-03-15,-0.1398
2023-03-16,-0.1362
2023-03-17,-0.1457
2023-03-20,-0.1288
2023-03-21,-0.1188
2023-03-22,-0.1229
2023-03-23,-0.1220
2023-03-24,-0.1378
2023-03-27,-0.1313
2023-03-28,-0.1223
2023-03-29,-0.1126
2023-03-30,-0.1036
2023-03-31,-0.0986
2023-04-03,-0.0861
2023-04-04,-0.0900
2023-04-05,-0.0833
2023-04-06,-0.0732
2023-04-10,-0.0732
2023-04-11,-0.0664
2023-04-12,-0.0639
2023-04-13,-0.0626
2023-04-14,-0.0636
2023-04-17,-0.0638
2023-04-18,-0.0615
2023-04-19,-0.0570
2023-04-20,-0.0597
2023-04-21,-0.0602
2023-04-24,-0.0608
2023-04-25,-0.0779
2023-04-26,-0.0753
2023-04-27,-0.0763
2023-04-28,-0.0687
2023-05-01,-0.0687
2023-05-02,-0.0927
2023-05-03,-0.0861
2023-05-04,-0.0891
2023-05-05,-0.0654
2023-05-08,-0.0638
2023-05-09,-0.0651
2023-05-10,-0.0706
2023-05-11,-0.0782
2023-05-12,-0.0686
2023-05-15,-0.0701
2023-05-16,-0.0749
2023-05-17,-0.0751
2023-05-18,-0.0836
2023-05-19,-0.0789
2023-05-22,-0.0873
2023-05-23,-0.0857
2023-05-24,-0.0989
2023-05-25,-0.1125
2023-05-26,-0.1072
2023-05-29,-0.1041
2023-05-30,-0.1052
2023-05-31,-0.1248
2023-06-01,-0.1094
2023-06-02,-0.0917
2023-06-05,-0.0915
2023-06-06,-0.0863
2023-06-07,-0.0869
2023-06-08,-0.0862
2023-06-09,-0.0905
2023-06-12,-0.0936
2023-06-13,-0.0912
2023-06-14,-0.0879
2023-06-15,-0.0864
2023-06-16,-0.0819
2023-06-19,-0.0850
2023-06-20,-0.0917
2023-06-21,-0.0847
2023-06-22,-0.0953
2023-06-23,-0.1034
2023-06-26,-0.1007
2023-06-27,-0.0996
2023-06-28,-0.0951
2023-06-29,-0.0923
2023-06-30,-0.0832
2023-07-03,-0.0817
2023-07-04,-0.1070
2023-07-05,-0.1169
2023-07-06,-0.1334
2023-07-07,-0.1356
2023-07-10,-0.1389
2023-07-11,-0.1322
2023-07-12,-0.1214
2023-07-13,-0.1142
2023-07-14,-0.1200
2023-07-17,-0.1238
2023-07-18,-0.1166
2023-07-19,-0.1103
2023-07-20,-0.1030
2023-07-21,-0.0979
2023-07-24,-0.0947
2023-07-25,-0.1008
2023-07-26,-0.1003
2023-07-27,-0.0895
2023-07-28,-0.0912
2023-07-31,-0.0880
2023-08-01,-0.0948
2023-08-02,-0.1079
2023-08-03,-0.1081
2023-08-04,-0.1052
2023-08-07,-0.1043
2023-08-08,-0.1253
2023-08-09,-0.1120
2023-08-10,-0.1030
2023-08-11,-0.1072
2023-08-14,-0.1119
2023-08-15,-0.1180
2023-08-16,-0.1207
2023-08-17,-0.1240
2023-08-18,-0.1227
2023-08-21,-0.1200
2023-08-22,-0.1172
2023-08-23,-0.1164
2023-08-24,-0.1146
2023-08-25,-0.1121
2023-08-28,-0.1047
2023-08-29,-0.1000
2023-08-30,-0.0988
2023-08-31,-0.1027
2023-09-01,-0.0989
2023-09-04,-0.1018
2023-09-05,-0.0947
2023-09-06,-0.1022
2023-09-07,-0.1009
2023-09-08,-0.0925
2023-09-11,-0.0787
2023-09-12,-0.0740
2023-09-13,-0.0756
2023-09-14,-0.0647
2023-09-15,-0.0636
2023-09-18,-0.0773
2023-09-19,-0.0663
2023-09-20,-0.0590
2023-09-21,-0.0736
2023-09-22,-0.0752
2023-09-25,-0.0799
2023-09-26,-0.0831
2023-09-27,-0.0849
2023-09-28,-0.0826
2023-09-29,-0.0849
2023-10-02,-0.1033
2023-10-03,-0.1096
2023-10-04,-0.1141
2023-10-05,-0.1087
2023-10-06,-0.1008
2023-10-09,-0.0910
2023-10-10,-0.0786
2023-10-11,-0.0768
2023-10-12,-0.0734
2023-10-13,-0.0724
2023-10-16,-0.0715
2023-10-17,-0.0715
2023-10-18,-0.0742
2023-10-19,-0.0794
2023-10-20,-0.0886
2023-10-23,-0.0884
2023-10-24,-0.0841
2023-10-25,-0.0788
2023-10-26,-0.0814
2023-10-27,-0.0827
2023-10-30,-0.0816
2023-10-31,-0.0765
2023-11-01,-0.0722
2023-11-02,-0.0585
2023-11-03,-0.0620
2023-11-06,-0.0602
2023-11-07,-0.0728
2023-11-08,-0.0797
2023-11-09,-0.0750
2023-11-10,-0.0752
2023-11-13,-0.0673
2023-11-14,-0.0610
2023-11-15,-0.0614
2023-11-16,-0.0665
2023-11-17,-0.0575
2023-11-20,-0.0643
2023-11-21,-0.0699
2023-11-22,-0.0721
2023-11-23,-0.0609
2023-11-24,-0.0505
2023-11-27,-0.0519
2023-11-28,-0.0454
2023-11-29,-0.0451
2023-11-30,-0.0435
2023-12-01,-0.0345
2023-12-04,-0.0372
2023-12-05,-0.0332
2023-12-06,-0.0387
2023-12-07,-0.0470
2023-12-08,-0.0403
2023-12-11,-0.0441
2023-12-12,-0.0493
2023-12-13,-0.0481
2023-12-14,-0.0498
2023-12-15,-0.0541
2023-12-18,-0.0496
2023-12-19,-0.0487
2023-12-20,-0.0681
2023-12-21,-0.0728
2023-12-22,-0.0674
2023-12-26,-0.0674
2023-12-27,-0.0663
2023-12-28,-0.0728
2023-12-29,-0.0737
2024-01-02,-0.0611
2024-01-03,-0.0604
2024-01-04,-0.0480
2024-01-05,-0.0455
2024-01-08,-0.0571
2024-01-09,-0.0621
2024-01-10,-0.0661
2024-01-11,-0.0704
2024-01-12,-0.0586
2024-01-15,-0.0613
2024-01-16,-0.0635
2024-01-17,-0.0731
2024-01-18,-0.0748
2024-01-19,-0.0847
2024-01-22,-0.0808
2024-01-23,-0.0837
2024-01-24,-0.0756
2024-01-25,-0.0792
2024-01-26,-0.0781
2024-01-29,-0.0752
2024-01-30,-0.0672
2024-01-31,-0.0697
2024-02-01,-0.0788
2024-02-02,-0.0846
2024-02-05,-0.0864
2024-02-06,-0.0795
2024-02-07,-0.0952
2024-02-08,-0.0959
2024-02-09,-0.1032
2024-02-12,-0.0930
2024-02-13,-0.0962
2024-02-14,-0.0971
2024-02-15,-0.0912
2024-02-16,-0.1008
2024-02-19,-0.0979
2024-02-20,-0.0894
2024-02-21,-0.0797
2024-02-22,-0.0882
2024-02-23,-0.0910
2024-02-26,-0.1069
2024-02-27,-0.1098
2024-02-28,-0.1145
2024-02-29,-0.1138
2024-03-01,-0.1099
2024-03-04,-0.1130
2024-03-05,-0.0995
2024-03-06,-0.0943
2024-03-07,-0.0894
2024-03-08,-0.0882
2024-03-11,-0.0914
2024-03-12,-0.0866
2024-03-13,-0.0778
2024-03-14,-0.0885
2024-03-15,-0.0835
2024-03-18,-0.0918
2024-03-19,-0.0747
2024-03-20,-0.0809
2024-03-21,-0.0831
2024-03-22,-0.0771
2024-03-25,-0.0672
2024-03-26,-0.0660
2024-03-27,-0.0615
2024-03-28,-0.0570
2024-04-01,-0.0570
2024-04-02,-0.0508
2024-04-03,-0.0422
2024-04-04,-0.0391
2024-04-05,-0.0497
2024-04-08,-0.0465
2024-04-09,-0.0482
2024-04-10,-0.0477
2024-04-11,-0.0532
2024-04-12,-0.0397
2024-04-15,-0.0448
2024-04-16,-0.0624
2024-04-17,-0.0534
2024-04-18,-0.0513
2024-04-19,-0.0436
2024-04-22,-0.0330
2024-04-23,-0.0205
2024-04-24,-0.0283
2024-04-25,-0.0319
2024-04-26,-0.0258
2024-04-29,-0.0238
2024-04-30,-0.0308
2024-05-01,-0.0308
2024-05-02,-0.0349
2024-05-03,-0.0403
2024-05-06,-0.0280
2024-05-07,-0.0208
2024-05-08,-0.0215
2024-05-09,-0.0166
2024-05-10,-0.0071
2024-05-13,-0.0055
2024-05-14,-0.0013
2024-05-15,-0.0024
2024-05-16,-0.0122
2024-05-17,-0.0084
2024-05-20,-0.0278
2024-05-21,-0.0338
2024-05-22,-0.0426
2024-05-23,-0.0430
2024-05-24,-0.0417
2024-05-27,-0.0320
2024-05-28,-0.0319
2024-05-29,-0.0466
2024-05-30,-0.0346
2024-05-31,-0.0295
2024-06-03,-0.0232
2024-06-04,-0.0368
2024-06-05,-0.0357
2024-06-06,-0.0250
2024-06-07,-0.0306
2024-06-10,-0.0302
2024-06-11,-0.0490
2024-06-12,-0.0471
2024-06-13,-0.0663
2024-06-14,-0.0748
2024-06-17,-0.0754
2024-06-18,-0.0567
2024-06-19,-0.0519
2024-06-20,-0.0398
2024-06-21,-0.0472
2024-06-24,-0.0379
2024-06-25,-0.0373
2024-06-26,-0.0417
2024-06-27,-0.0499
2024-06-28,-0.0510
2024-07-01,-0.0322
2024-07-02,-0.0661
2024-07-03,-0.0625
2024-07-04,-0.0517
2024-07-05,-0.0623
2024-07-08,-0.0660
2024-07-09,-0.0746
2024-07-10,-0.0533
2024-07-11,-0.0508
2024-07-12,-0.0456
2024-07-15,-0.0521
2024-07-16,-0.0579
2024-07-17,-0.0495
2024-07-18,-0.0356
2024-07-19,-0.0462
2024-07-22,-0.0371
2024-07-23,-0.0379
2024-07-24,-0.0409
2024-07-25,-0.0423
2024-07-26,-0.0329
2024-07-29,-0.0318
2024-07-30,-0.0184
2024-07-31,-0.0164
2024-08-01,-0.0358
2024-08-02,-0.0538
2024-08-05,-0.0791
2024-08-06,-0.0814
2024-08-07,-0.0620
2024-08-08,-0.0623
2024-08-09,-0.0618
2024-08-12,-0.0564
2024-08-13,-0.0564
2024-08-14,-0.0537
2024-08-15,-0.0568
2024-08-16,-0.0418
2024-08-19,-0.0373
2024-08-20,-0.0443
2024-08-21,-0.0427
2024-08-22,-0.0440
2024-08-23,-0.0311
2024-08-26,-0.0287
2024-08-27,-0.0259
2024-08-28,-0.0233
2024-08-29,-0.0189
2024-08-30,-0.0158
2024-09-02,-0.0139
2024-09-03,-0.0279
2024-09-04,-0.0302
2024-09-05,-0.0200
2024-09-06,-0.0361
2024-09-09,-0.0279
2024-09-10,-0.0412
2024-09-11,-0.0420
2024-09-12,-0.0411
2024-09-13,-0.0345
2024-09-16,-0.0274
2024-09-17,-0.0222
2024-09-18,-0.0285
2024-09-19,-0.0228
2024-09-20,-0.0277
2024-09-23,-0.0339
2024-09-24,-0.0296
2024-09-25,-0.0329
2024-09-26,-0.0332
2024-09-27,-0.0301
2024-09-30,-0.0346
2024-10-01,-0.0379
2024-10-02,-0.0393
2024-10-03,-0.0445
2024-10-04,-0.0323
2024-10-07,-0.0257
2024-10-08,-0.0331
2024-10-09,-0.0300
2024-10-10,-0.0315
2024-10-11,-0.0260
2024-10-14,-0.0217
2024-10-15,-0.0279
2024-10-16,-0.0250
2024-10-17,-0.0189
2024-10-18,-0.0157
2024-10-21,-0.0194
2024-10-22,-0.0235
2024-10-23,-0.0231
2024-10-24,-0.0211
2024-10-25,-0.0184
2024-10-28,-0.0208
2024-10-29,-0.0247
2024-10-30,-0.0301
2024-10-31,-0.0351
2024-11-01,-0.0284
2024-11-04,-0.0245
2024-11-05,-0.0215
2024-11-06,-0.0408
2024-11-07,-0.0500
2024-11-08,-0.0543
2024-11-11,-0.0481
2024-11-12,-0.0642
2024-11-13,-0.0644
2024-11-14,-0.0468
2024-11-15,-0.0436
2024-11-18,-0.0605
2024-11-19,-0.0686
2024-11-20,-0.0695
2024-11-21,-0.0716
2024-11-22,-0.0686
2024-11-25,-0.0744
2024-11-26,-0.0834
2024-11-27,-0.0823
2024-11-28,-0.0805
2024-11-29,-0.0777
2024-12-02,-0.0822
2024-12-03,-0.0754
2024-12-04,-0.0679
2024-12-05,-0.0568
2024-12-06,-0.0579
2024-12-09,-0.0567
2024-12-10,-0.0693
2024-12-11,-0.0708
2024-12-12,-0.0716
2024-12-13,-0.0709
2024-12-16,-0.0722
2024-12-17,-0.0866
2024-12-18,-0.0843
2024-12-19,-0.0956
2024-12-20,-0.0950
2024-12-23,-0.1049
2024-12-24,-0.1031
2024-12-26,-0.1031
2024-12-27,-0.0936
2024-12-30,-0.0932
2024-12-31,-0.0907
2025-01-02,-0.0793
2025-01-03,-0.0813
2025-01-06,-0.0706
2025-01-07,-0.0705
2025-01-08,-0.0630
2025-01-09,-0.0609
2025-01-10,-0.0653
2025-01-13,-0.0650
2025-01-14,-0.0578
2025-01-15,-0.0509
2025-01-16,-0.0486
2025-01-17,-0.0362
2025-01-20,-0.0409
2025-01-21,-0.0456
2025-01-22,-0.0553
2025-01-23,-0.0451
2025-01-24,-0.0525
2025-01-27,-0.0509
2025-01-28,-0.0484
2025-01-29,-0.0411
2025-01-30,-0.0372
2025-01-31,-0.0370
2025-02-03,-0.0400
2025-02-04,-0.0280
2025-02-05,-0.0329
2025-02-06,-0.0224
2025-02-07,-0.0210
2025-02-10,-0.0215
2025-02-11,-0.0117
2025-02-12,-0.0117
2025-02-13,-0.0114
2025-02-14,-0.0115
2025-02-17,-0.0025
2025-02-18,0.0000
2025-02-19,-0.0097
2025-02-20,-0.0088
2025-02-21,-0.0059
2025-02-24,-0.0003
2025-02-25,0.0000
2025-02-26,0.0000
2025-02-27,-0.0039
2025-02-28,-0.0147
2025-03-03,-0.0127
2025-03-04,-0.0362
2025-03-05,-0.0277
2025-03-06,-0.0205
2025-03-07,-0.0036
2025-03-10,-0.0002
2025-03-11,-0.0129
2025-03-12,-0.0110
2025-03-13,-0.0113
2025-03-14,-0.0066
2025-03-17,0.0000
2025-03-18,0.0000
2025-03-19,0.0000
2025-03-20,-0.0068
2025-03-21,-0.0066
2025-03-24,-0.0146
2025-03-25,-0.0009
2025-03-26,0.0000
2025-03-27,0.0000
2025-03-28,-0.0092
2025-03-31,-0.0163
2025-04-01,-0.0093
2025-04-02,-0.0122
2025-04-03,-0.0463
2025-04-04,-0.0941
2025-04-07,-0.1509
2025-04-08,-0.1423
2025-04-09,-0.1691
2025-04-10,-0.1368
2025-04-11,-0.1374
2025-04-14,-0.1207
2025-04-15,-0.1014
2025-04-16,-0.0894
2025-04-17,-0.0882
2025-04-21,-0.0882
2025-04-22,-0.0812
2025-04-23,-0.0736
2025-04-24,-0.0648
2025-04-25,-0.0541
2025-04-28,-0.0509
2025-04-29,-0.0428
2025-04-30,-0.0446
2025-05-01,-0.0446
2025-05-02,-0.0433
2025-05-05,-0.0409
2025-05-06,-0.0391
2025-05-07,-0.0480
2025-05-08,-0.0408
2025-05-09,-0.0332
2025-05-12,-0.0294
2025-05-13,-0.0256
2025-05-14,-0.0205
2025-05-15,-0.0173
2025-05-16,-0.0114
2025-05-19,-0.0271
2025-05-20,-0.0174
2025-05-21,-0.0140
2025-05-22,-0.0201
2025-05-23,-0.0315
2025-05-26,-0.0148
2025-05-27,-0.0133
2025-05-28,-0.0167
2025-05-29,-0.0173
2025-05-30,-0.0111
2025-06-02,-0.0072
2025-06-03,-0.0059
2025-06-04,-0.0114
2025-06-05,-0.0054
2025-06-06,0.0000
2025-06-09,0.0000
2025-06-10,-0.0028
2025-06-11,-0.0025
2025-06-12,0.0000
2025-06-13,-0.0013
2025-06-16,0.0000
2025-06-17,-0.0060
2025-06-18,-0.0017
2025-06-19,-0.0078
2025-06-20,-0.0002
2025-06-23,-0.0041
2025-06-24,-0.0055
2025-06-25,-0.0136
2025-06-26,-0.0139
2025-06-27,-0.0065
2025-06-30,-0.0061
2025-07-01,-0.0231
2025-07-02,-0.0168
2025-07-03,-0.0122
2025-07-04,-0.0175
2025-07-07,-0.0174
2025-07-08,-0.0120
2025-07-09,0.0000
2025-07-10,-0.0097
2025-07-11,-0.0135
2025-07-14,-0.0120
2025-07-15,-0.0183
2025-07-16,-0.0171
2025-07-17,-0.0160
2025-07-18,-0.0139
2025-07-21,-0.0129
2025-07-22,-0.0110
2025-07-23,-0.0059
2025-07-24,0.0000
2025-07-25,-0.0042
2025-07-28,0.0000
2025-07-29,0.0000
2025-07-30,0.0000
2025-07-31,-0.0126
2025-08-01,-0.0393
2025-08-04,-0.0253
2025-08-05,-0.0272
2025-08-06,-0.0189
2025-08-07,-0.0162
2025-08-08,-0.0111
2025-08-11,-0.0121
2025-08-12,-0.0101
2025-08-13,-0.0012
2025-08-14,0.0000
