Date,Open,High,Low,Close,Adj Close,Volume,Dividend
2007-12-27,25.8,25.8,25.8,25.8,16.81,504.0,0.0
2008-01-02,26.0,26.0,25.66,25.66,16.72,290.0,0.0
2008-01-07,25.25,25.25,25.25,25.25,16.45,1180.0,0.0
2008-01-11,23.26,23.26,23.26,23.26,15.16,60.0,0.0
2008-01-22,24.0,24.0,24.0,24.0,15.64,10.0,0.0
2008-02-22,21.5,21.5,21.5,21.5,14.01,210.0,0.0
2008-03-17,21.6,21.6,21.6,21.6,14.07,1000.0,0.0
2008-04-21,22.01,22.01,22.01,22.01,14.34,77.0,0.0
2008-04-23,22.01,22.01,22.01,22.01,14.34,21.0,0.0
2008-05-15,21.59,21.59,21.59,21.59,14.07,225.0,0.0
2008-05-16,22.4,22.4,22.4,22.4,14.6,225.0,0.0
2008-05-19,22.5,22.5,22.5,22.5,14.66,46.0,0.0
2008-05-20,22.5,22.5,22.5,22.5,14.66,8.0,0.0
2008-06-05,21.22,21.22,21.22,21.22,13.83,120.0,0.0
2008-06-06,21.7,21.7,21.7,21.7,14.14,50.0,0.0
2008-06-10,20.53,20.53,20.53,20.53,13.38,150.0,0.0
2008-08-15,19.47,19.47,19.47,19.47,12.69,559.0,0.0
2008-09-23,19.0,19.0,18.5,18.5,12.05,535.0,0.0
2008-10-06,19.05,19.05,19.05,19.05,12.41,110.0,0.0
2008-10-07,18.58,18.58,18.58,18.58,12.11,500.0,0.0
2008-10-08,18.1,18.1,18.1,18.1,11.79,100.0,0.0
2008-11-13,18.0,18.0,18.0,18.0,11.73,50.0,0.0
2008-11-18,17.55,17.55,17.55,17.55,11.44,57.0,0.0
2008-11-19,17.95,17.95,17.95,17.95,11.7,200.0,0.0
2008-11-27,17.27,17.27,17.27,17.27,11.25,200.0,0.0
2008-12-03,17.35,17.35,17.35,17.35,11.31,625.0,0.0
2008-12-15,16.24,16.24,16.24,16.24,10.58,200.0,0.0
2008-12-16,17.01,17.01,17.01,17.01,11.08,294.0,0.0
2009-08-17,19.59,19.59,19.59,19.59,12.76,69.0,0.0
2009-11-16,20.0,20.0,20.0,20.0,13.03,222.0,0.0
2009-11-17,20.9,20.9,20.8,20.8,13.55,121.0,0.0
2009-11-23,20.8,20.8,20.8,20.8,13.55,100.0,0.0
2009-11-26,19.9,19.9,19.9,19.9,12.97,100.0,0.0
2010-01-05,22.96,22.96,22.96,22.96,14.96,1000.0,0.0
2010-01-25,21.64,21.64,21.64,21.64,14.1,100.0,0.0
2010-02-05,21.15,21.3,21.15,21.3,13.88,430.0,0.0
2010-02-11,21.3,21.3,21.3,21.3,13.88,100.0,0.0
2010-02-17,21.3,21.3,20.58,20.58,13.41,1000.0,0.0
2010-03-02,21.93,21.93,21.93,21.93,14.29,210.0,0.0
2010-03-15,22.25,22.25,22.25,22.25,14.5,7.0,0.0
2010-03-17,22.25,22.25,22.25,22.25,14.5,20.0,0.0
2010-03-26,21.3,21.3,21.3,21.3,13.88,3000.0,0.0
2010-03-30,21.59,21.59,21.59,21.59,14.07,10.0,0.0
2010-04-07,22.45,22.45,22.45,22.45,14.63,30.0,0.0
2010-04-14,22.3,22.3,22.3,22.3,14.53,372.0,0.0
2010-04-19,22.01,22.01,22.01,22.01,14.34,500.0,0.0
2010-04-21,22.0,22.0,22.0,22.0,14.34,85.0,0.0
2010-04-22,22.5,22.5,22.5,22.5,14.66,100.0,0.0
2010-04-23,22.32,22.32,22.32,22.32,14.54,98.0,0.0
2010-04-26,23.65,23.65,22.84,22.84,14.88,219.0,0.0
2010-04-28,21.9,21.9,21.9,21.9,14.27,40.0,0.0
2010-04-29,23.5,23.5,22.8,22.8,14.86,100.0,0.0
2010-04-30,23.23,23.5,23.23,23.5,15.31,644.0,0.0
2010-05-03,23.3,23.3,23.3,23.3,15.18,550.0,0.0
2010-05-10,22.29,22.29,22.29,22.29,14.52,200.0,0.0
2010-05-12,,,,,,,0.23012252
2010-05-14,22.69,22.72,22.6,22.6,14.86,601.0,0.0
2010-05-17,22.6,22.6,22.6,22.6,14.86,140.0,0.0
2010-05-21,22.02,22.02,21.6,21.6,14.2,1102.0,0.0
2010-05-25,21.38,21.38,21.38,21.38,14.06,140.0,0.0
2010-05-27,22.17,22.17,22.17,22.17,14.58,200.0,0.0
2010-05-28,22.68,22.68,21.66,21.66,14.24,267.0,0.0
2010-06-01,22.68,22.68,22.68,22.68,14.91,250.0,0.0
2010-06-07,22.52,22.52,22.52,22.52,14.81,89.0,0.0
2010-06-09,22.7,22.7,22.7,22.7,14.93,300.0,0.0
2010-06-10,23.2,23.2,23.1,23.1,15.19,700.0,0.0
2010-06-11,23.85,23.85,23.85,23.85,15.68,2.0,0.0
2010-06-14,24.0,24.0,24.0,24.0,15.78,50.0,0.0
2010-06-15,23.95,23.95,23.25,23.25,15.29,452.0,0.0
2010-06-17,23.5,23.5,22.9,22.9,15.06,632.0,0.0
2010-06-21,23.1,23.1,23.1,23.1,15.19,140.0,0.0
2010-06-25,22.77,22.77,22.77,22.77,14.97,2.0,0.0
2010-06-28,22.83,22.83,22.15,22.15,14.56,62.0,0.0
2010-06-29,22.56,22.56,22.27,22.27,14.64,438.0,0.0
2010-06-30,22.0,22.0,22.0,22.0,14.47,100.0,0.0
2010-07-02,21.99,21.99,21.51,21.51,14.14,470.0,0.0
2010-07-09,22.0,22.0,22.0,22.0,14.47,100.0,0.0
2010-07-12,22.3,22.3,22.05,22.05,14.5,633.0,0.0
2010-07-14,23.0,23.0,23.0,23.0,15.12,500.0,0.0
2010-07-19,22.76,23.1,22.55,22.55,14.83,2165.0,0.0
2010-07-21,23.15,23.34,23.15,23.34,15.35,199.0,0.0
2010-07-27,23.4,23.4,23.4,23.4,15.39,50.0,0.0
2010-08-02,21.95,21.95,21.6,21.86,14.37,60.0,0.0
2010-08-03,22.58,22.58,22.58,22.58,14.85,50.0,0.0
2010-08-06,21.28,21.28,21.1,21.1,13.87,250.0,0.0
2010-08-09,21.24,21.24,21.24,21.24,13.97,100.0,0.0
2010-08-10,21.26,21.26,21.26,21.26,14.13,50.0,0.2504166
2010-08-11,21.33,21.33,21.33,21.33,14.3,23.0,0.2202954
2010-08-13,20.97,20.97,20.97,20.97,14.06,100.0,0.0
2010-08-16,20.93,20.93,20.93,20.93,14.03,40.0,0.0
2010-08-18,21.5,21.5,21.5,21.5,14.41,50.0,0.0
2010-08-20,21.37,21.37,21.37,21.37,14.33,150.0,0.0
2010-08-23,21.34,21.34,21.34,21.34,14.31,30.0,0.0
2010-08-27,21.64,21.64,21.64,21.64,14.51,23.0,0.0
2010-08-30,21.81,21.81,21.81,21.81,14.62,20.0,0.0
2010-09-01,20.49,20.49,20.49,20.49,13.74,200.0,0.0
2010-09-08,21.99,21.99,21.99,21.99,14.74,40.0,0.0
2010-09-09,22.16,22.16,22.16,22.16,14.86,100.0,0.0
2010-09-13,22.0,22.0,21.5,21.5,14.41,167.0,0.0
2010-09-16,21.76,21.76,21.76,21.76,14.59,300.0,0.0
2010-09-23,21.1,21.1,21.1,21.1,14.14,200.0,0.0
2010-09-27,22.1,22.39,22.1,22.39,15.01,450.0,0.0
2010-09-28,22.05,22.5,21.98,22.5,15.08,1100.0,0.0
2010-09-30,21.93,21.93,21.93,21.93,14.7,230.0,0.0
2010-10-01,21.97,21.97,21.97,21.97,14.72,223.0,0.0
2010-10-08,21.1,21.1,20.92,20.92,14.02,400.0,0.0
2010-10-11,20.94,21.54,20.3,20.3,13.61,100.0,0.0
2010-10-12,20.5,21.22,20.5,20.67,13.86,22.0,0.0
2010-10-19,21.09,21.09,20.59,20.59,13.8,12.0,0.0
2010-10-20,20.89,20.89,20.89,20.89,14.0,500.0,0.0
2010-10-25,21.58,21.58,20.9,21.3,14.28,178.0,0.0
2010-10-27,20.9,20.9,20.9,20.9,14.01,92.0,0.0
2010-11-01,21.1,21.53,21.1,21.53,14.43,96.0,0.0
2010-11-02,21.53,21.53,21.53,21.53,14.44,50.0,0.0
2010-11-03,21.5,21.5,21.5,21.5,14.41,100.0,0.0
2010-11-10,,,,,,,0.2090634
2010-11-17,21.64,21.64,21.64,21.64,14.63,118.0,0.0
2010-11-22,22.6,22.6,22.6,22.6,15.28,1.0,0.0
2010-11-25,22.58,22.58,22.58,22.58,15.27,6.0,0.0
2010-11-26,21.55,21.55,21.55,21.55,14.57,1.0,0.0
2010-12-07,22.73,22.73,22.73,22.73,15.37,200.0,0.0
2010-12-09,22.8,22.8,22.8,22.8,15.42,40.0,0.0
2010-12-16,22.9,22.9,22.9,22.9,15.48,110.0,0.0
2010-12-17,23.64,23.64,23.64,23.64,15.98,200.0,0.0
2010-12-22,23.6,23.6,23.6,23.6,15.96,100.0,0.0
2010-12-23,23.72,23.72,23.72,23.72,16.04,200.0,0.0
2010-12-28,23.62,23.62,23.62,23.62,15.97,190.0,0.0
2011-01-03,23.4,23.4,23.4,23.4,15.82,7.0,0.0
2011-01-05,23.53,23.53,23.53,23.53,15.91,10.0,0.0
2011-01-10,23.53,23.53,23.53,23.53,15.91,355.0,0.0
2011-01-26,22.13,22.13,22.13,22.13,14.96,300.0,0.0
2011-02-01,21.4,21.4,21.4,21.4,14.47,570.0,0.0
2011-02-02,22.05,22.05,22.05,22.05,14.91,486.0,0.0
2011-02-09,,,,,,,0.20389424
2011-02-10,21.88,21.88,21.88,21.88,14.91,26.0,0.0
2011-02-14,21.46,21.46,21.46,21.46,14.63,136.0,0.0
2011-02-15,22.0,22.0,22.0,22.0,14.99,110.0,0.0
2011-02-22,22.1,22.1,22.1,22.1,15.06,70.0,0.0
2011-02-23,21.76,21.76,21.76,21.76,14.83,50.0,0.0
2011-02-25,21.81,21.81,21.81,21.81,14.87,1000.0,0.0
2011-03-01,22.0,22.0,22.0,22.0,14.99,45.0,0.0
2011-03-02,21.0,21.0,21.0,21.0,14.31,170.0,0.0
2011-03-04,21.76,21.76,21.76,21.76,14.83,450.0,0.0
2011-03-07,21.45,21.45,21.45,21.45,14.62,2.0,0.0
2011-03-15,21.55,21.55,21.55,21.55,14.69,40.0,0.0
2011-03-17,21.6,21.6,21.6,21.6,14.72,109.0,0.0
2011-03-18,21.6,21.6,21.6,21.6,14.72,66.0,0.0
2011-03-21,21.6,21.6,21.6,21.6,14.72,25.0,0.0
2011-03-22,21.6,21.6,21.6,21.6,14.72,37.0,0.0
2011-04-11,21.95,21.95,21.95,21.95,14.96,300.0,0.0
2011-04-15,24.3,24.3,24.3,24.3,16.56,50.0,0.0
2011-04-26,21.8,21.8,21.8,21.8,14.86,100.0,0.0
2011-04-28,22.0,22.0,22.0,22.0,14.99,19.0,0.0
2011-04-29,22.0,22.0,22.0,22.0,14.99,231.0,0.0
2011-05-09,22.6,22.6,22.6,22.6,15.4,40.0,0.0
2011-05-10,23.09,23.09,23.09,23.09,15.74,680.0,0.0
2011-05-11,,,,,,,0.2547564
2011-05-16,23.0,23.0,23.0,23.0,15.83,60.0,0.0
2011-05-17,23.45,23.45,23.45,23.45,16.14,40.0,0.0
2011-08-10,,,,,,,0.2504166
2011-11-09,,,,,,,0.2455668
2012-02-15,,,,,,,0.23982328
2012-05-09,,,,,,,0.2528415
2012-08-08,,,,,,,0.21733403
2012-11-07,,,,,,,0.2523315
2013-02-06,,,,,,,0.26024488
2013-05-08,,,,,,,0.29240847
2014-02-05,,,,,,,0.25524116
2014-05-07,,,,,,,0.26856604
2014-08-06,,,,,,,0.25880212
2014-11-06,,,,,,,0.25868723
2015-02-05,,,,,,,0.250072
2015-04-23,,,,,,,0.2504166
2015-08-06,,,,,,,0.2423757
2015-10-29,,,,,,,0.25949132
2016-02-04,,,,,,,0.26420102
2016-04-28,,,,,,,0.2936077
2016-08-04,,,,,,,0.30888543
2016-10-27,,,,,,,0.3319743
2017-02-09,,,,,,,0.31796017
2019-12-13,54.4,55.74,54.4,55.74,47.22,60.0,0.0
2019-12-16,57.1,58.0,54.0,55.63,47.13,3618.0,0.0
2019-12-17,52.22,54.0,51.34,51.9,43.97,14698.0,0.0
2019-12-18,51.6,52.0,51.35,52.0,44.05,2914.0,0.0
2019-12-19,51.1,51.63,50.59,51.1,43.29,2756.0,0.0
2019-12-20,51.62,52.15,51.3,52.15,44.18,5563.0,0.0
2019-12-23,52.2,52.83,52.0,52.0,44.05,925.0,0.0
2019-12-27,51.36,52.69,51.36,52.13,44.16,3185.0,0.0
2019-12-30,52.41,52.41,52.15,52.22,44.24,750.0,0.0
2020-01-02,52.01,52.4,51.84,52.4,44.39,3905.0,0.0
2020-01-03,51.42,52.23,51.38,52.23,44.25,2688.0,0.0
2020-01-06,51.55,51.55,50.46,50.88,43.11,1164.0,0.0
2020-01-07,51.46,51.54,51.12,51.25,43.42,3715.0,0.0
2020-01-08,50.58,50.88,49.69,50.65,42.91,4073.0,0.0
2020-01-09,51.05,51.7,50.8,51.7,43.8,987.0,0.0
2020-01-10,52.2,52.4,50.98,51.98,44.04,3409.0,0.0
2020-01-13,51.22,52.15,50.9,52.15,44.18,2246.0,0.0
2020-01-14,51.23,51.78,51.12,51.78,43.87,1643.0,0.0
2020-01-15,51.35,52.2,51.35,52.2,44.22,2384.0,0.0
2020-01-16,51.57,51.95,51.36,51.95,44.01,3933.0,0.0
2020-01-17,51.72,53.0,51.72,53.0,44.9,1934.0,0.0
2020-01-20,52.27,53.18,52.2,53.18,45.05,1993.0,0.0
2020-01-21,52.29,53.09,51.98,53.09,44.98,2386.0,0.0
2020-01-22,52.5,53.25,52.5,53.25,45.11,1582.0,0.0
2020-01-23,52.61,53.1,52.3,53.1,44.99,1161.0,0.0
2020-01-24,53.43,53.81,52.91,53.45,45.28,1701.0,0.0
2020-01-27,53.86,53.86,53.06,53.45,45.28,1341.0,0.0
2020-01-28,52.88,53.6,52.88,53.45,45.28,434.0,0.0
2020-01-29,53.2,53.4,52.2,52.6,44.56,1420.0,0.0
2020-01-30,54.01,54.2,53.8,54.2,45.92,220.0,0.0
2020-01-31,54.25,54.76,53.92,54.73,46.37,955.0,0.0
2020-02-03,53.96,54.75,53.75,53.75,45.54,2650.0,0.0
2020-02-04,54.49,54.8,53.6,53.75,45.54,10585.0,0.0
2020-02-05,54.52,54.91,53.75,53.75,45.54,3012.0,0.0
2020-02-06,55.5,55.5,55.2,55.35,46.89,1221.0,0.0
2020-02-07,55.5,55.89,55.07,55.7,47.19,1750.0,0.0
2020-02-10,55.77,55.85,55.49,55.84,47.31,976.0,0.0
2020-02-11,56.16,56.19,55.26,56.17,47.59,227.0,0.0
2020-02-12,56.02,56.08,55.9,55.95,47.4,730.0,0.0
2020-02-13,55.79,55.83,54.73,55.83,47.3,1297.0,0.0
2020-02-14,54.71,55.9,54.71,55.79,47.27,515.0,0.0
2020-02-17,56.08,56.36,55.24,55.32,46.87,1191.0,0.0
2020-02-18,55.95,56.39,55.95,56.24,47.65,1552.0,0.0
2020-02-19,55.53,56.24,55.46,56.09,47.52,1839.0,0.0
2020-02-20,55.1,55.1,54.9,54.9,46.8,630.0,0.39882866
2020-02-21,55.41,55.41,54.61,55.1,46.97,470.0,0.0
2020-02-24,53.84,55.25,52.67,55.25,47.1,4351.0,0.0
2020-02-25,53.94,53.94,52.44,52.44,44.7,1697.0,0.0
2020-02-26,51.95,52.5,51.0,52.49,44.75,1943.0,0.0
2020-02-27,51.0,52.44,50.52,51.28,43.71,993.0,0.0
2020-02-28,48.88,49.72,48.5,48.81,41.61,3192.0,0.0
2020-03-02,49.42,50.16,48.8,49.61,42.29,5125.0,0.0
2020-03-03,50.3,51.33,50.02,50.94,43.43,3834.0,0.0
2020-03-04,50.9,51.73,50.78,51.23,43.67,2562.0,0.0
2020-03-05,51.9,52.31,51.8,52.01,44.34,2274.0,0.0
2020-03-06,51.78,51.84,50.35,50.35,42.92,2204.0,0.0
2020-03-09,49.49,49.49,47.8,48.74,41.55,5906.0,0.0
2020-03-10,48.76,49.35,46.8,46.8,39.9,8663.0,0.0
2020-03-11,47.75,48.1,47.11,47.11,40.16,2858.0,0.0
2020-03-12,45.88,45.88,42.88,43.9,37.42,3500.0,0.0
2020-03-13,45.0,46.08,43.58,43.58,37.15,1603.0,0.0
2020-03-16,42.0,42.5,40.3,41.0,34.95,3989.0,0.0
2020-03-17,43.53,44.99,42.17,44.6,38.02,5594.0,0.0
2020-03-18,45.15,46.94,43.38,45.09,38.44,4445.0,0.0
2020-03-19,44.89,48.84,43.59,47.93,40.86,6040.0,0.0
2020-03-20,49.9,49.9,45.3,46.17,39.36,5674.0,0.0
2020-03-23,44.06,44.55,42.43,44.01,37.51,7842.0,0.0
2020-03-24,42.92,43.29,42.45,43.29,36.9,5974.0,0.0
2020-03-25,43.79,45.35,43.0,43.69,37.24,13703.0,0.0
2020-03-26,43.94,44.81,43.15,44.65,38.06,6872.0,0.0
2020-03-27,44.49,44.55,43.91,44.03,37.53,3299.0,0.0
2020-03-30,44.64,48.84,43.7,48.84,41.63,2843.0,0.0
2020-03-31,46.72,47.05,45.82,47.05,40.11,3811.0,0.0
2020-04-01,45.35,46.92,45.19,46.92,40.0,2144.0,0.0
2020-04-02,46.13,46.72,45.5,46.72,39.83,1827.0,0.0
2020-04-03,47.0,47.0,45.51,46.92,40.0,5134.0,0.0
2020-04-06,47.97,47.97,46.54,47.74,40.7,2486.0,0.0
2020-04-07,48.0,48.54,46.95,47.9,40.83,9423.0,0.0
2020-04-08,47.07,47.67,46.84,47.67,40.64,1669.0,0.0
2020-04-09,47.8,48.07,46.5,48.07,40.98,2371.0,0.0
2020-04-14,48.05,48.84,48.05,48.42,41.28,1040.0,0.0
2020-04-15,49.3,49.3,47.0,47.0,40.07,5027.0,0.0
2020-04-16,47.13,48.05,47.13,47.91,40.84,2453.0,0.0
2020-04-17,49.44,49.44,47.94,48.15,41.05,2037.0,0.0
2020-04-20,48.69,49.83,48.2,49.83,42.48,2251.0,0.0
2020-04-21,49.83,49.83,48.28,48.28,41.16,259.0,0.0
2020-04-22,48.95,49.25,48.5,49.25,41.98,1673.0,0.0
2020-04-23,47.03,48.5,45.85,48.5,41.35,4111.0,0.0
2020-04-24,47.87,47.98,46.31,46.31,39.48,1952.0,0.0
2020-04-27,48.35,48.35,46.78,47.11,40.16,1016.0,0.0
2020-04-28,47.87,48.25,46.27,48.25,41.13,841.0,0.0
2020-04-29,47.21,47.73,46.02,46.6,39.73,2625.0,0.0
2020-04-30,47.85,48.81,47.23,48.3,41.17,1002.0,0.0
2020-05-04,47.1,47.2,46.42,46.53,39.67,4176.0,0.0
2020-05-05,46.86,47.01,45.9,47.01,40.07,971.0,0.0
2020-05-06,47.12,47.23,46.14,46.25,39.43,525.0,0.0
2020-05-07,46.5,47.23,45.7,47.17,40.21,1214.0,0.0
2020-05-08,47.2,48.7,47.18,47.64,40.61,202.0,0.0
2020-05-11,47.68,48.37,46.69,48.37,41.23,1134.0,0.0
2020-05-12,48.26,48.38,48.0,48.0,40.92,381.0,0.0
2020-05-13,48.54,48.54,48.08,48.08,40.99,409.0,0.0
2020-05-14,47.62,47.62,47.0,47.0,40.37,160.0,0.41514018
2020-05-15,47.49,47.49,46.92,46.94,40.32,292.0,0.0
2020-05-18,47.65,48.18,46.81,48.18,41.38,676.0,0.0
2020-05-19,46.65,47.36,46.65,46.8,40.2,1150.0,0.0
2020-05-20,46.72,47.04,46.72,46.94,40.32,668.0,0.0
2020-05-21,46.76,46.76,46.01,46.58,40.01,87.0,0.0
2020-05-22,46.01,46.59,45.66,46.59,40.02,1195.0,0.0
2020-05-25,46.35,47.35,46.35,47.29,40.62,602.0,0.0
2020-05-26,47.08,47.09,46.68,46.8,40.2,2066.0,0.0
2020-05-27,46.67,47.24,46.2,47.24,40.58,3233.0,0.0
2020-05-28,47.5,48.86,47.45,47.48,40.78,1334.0,0.0
2020-05-29,47.99,49.06,47.98,48.75,41.87,620.0,0.0
2020-06-02,49.32,49.42,48.2,48.79,41.91,958.0,0.0
2020-06-03,49.15,50.2,48.36,50.2,43.12,3639.0,0.0
2020-06-04,49.94,49.98,48.6,49.41,42.44,4950.0,0.0
2020-06-05,49.52,50.06,48.9,50.06,43.0,1264.0,0.0
2020-06-08,49.55,51.0,48.7,51.0,43.81,2659.0,0.0
2020-06-09,50.2,50.2,49.02,49.28,42.33,206.0,0.0
2020-06-10,49.2,50.6,49.2,50.6,43.46,2.0,0.0
2020-06-11,49.8,49.8,48.57,49.11,42.18,1649.0,0.0
2020-06-12,47.8,48.78,47.8,48.64,41.78,5979.0,0.0
2020-06-15,47.98,48.39,47.13,48.39,41.56,1647.0,0.0
2020-06-16,49.06,50.5,49.06,50.5,43.38,821.0,0.0
2020-06-17,50.2,51.2,49.8,51.2,43.98,4129.0,0.0
2020-06-18,50.1,50.8,50.0,50.62,43.48,2752.0,0.0
2020-06-19,50.98,51.76,50.62,51.76,44.46,2355.0,0.0
2020-06-22,51.22,51.92,50.88,51.92,44.6,871.0,0.0
2020-06-23,50.8,51.88,50.8,51.88,44.56,797.0,0.0
2020-06-24,50.32,51.5,50.0,51.5,44.24,1438.0,0.0
2020-06-25,49.82,50.76,49.82,50.76,43.6,77.0,0.0
2020-06-26,50.4,50.82,50.14,50.46,43.34,2617.0,0.0
2020-06-29,49.63,50.8,48.43,50.8,43.63,1892.0,0.0
2020-06-30,48.91,50.0,48.44,50.0,42.95,3076.0,0.0
2020-07-01,48.57,48.78,48.2,48.77,41.89,1274.0,0.0
2020-07-02,48.92,49.81,48.11,49.81,42.78,1040.0,0.0
2020-07-03,49.62,49.75,48.7,49.75,42.73,677.0,0.0
2020-07-06,49.3,49.3,48.49,48.89,41.99,2470.0,0.0
2020-07-07,48.44,48.52,48.1,48.34,41.52,2896.0,0.0
2020-07-08,48.15,48.15,47.72,48.04,41.26,2072.0,0.0
2020-07-09,47.95,48.75,47.76,48.75,41.87,1069.0,0.0
2020-07-10,47.3,47.88,47.3,47.88,41.13,3004.0,0.0
2020-07-13,48.25,48.35,47.88,48.35,41.53,2775.0,0.0
2020-07-14,48.11,48.23,47.69,48.13,41.34,1225.0,0.0
2020-07-15,48.6,48.75,48.46,48.63,41.77,773.0,0.0
2020-07-16,47.81,48.34,47.81,48.34,41.52,997.0,0.0
2020-07-17,48.75,48.75,48.51,48.73,41.86,619.0,0.0
2020-07-20,48.74,49.9,48.55,49.9,42.86,1207.0,0.0
2020-07-21,48.5,49.11,48.26,48.3,41.49,1441.0,0.0
2020-07-22,48.1,48.3,47.9,47.9,41.14,983.0,0.0
2020-07-23,51.72,52.04,51.0,51.86,44.54,1199.0,0.0
2020-07-24,51.92,52.76,51.02,52.76,45.32,683.0,0.0
2020-07-27,52.04,52.76,51.9,52.76,45.32,277.0,0.0
2020-07-28,52.08,52.76,52.08,52.76,45.32,166.0,0.0
2020-07-29,53.38,53.38,52.88,52.88,45.42,1752.0,0.0
2020-07-30,52.76,52.76,51.02,51.94,44.61,793.0,0.0
2020-07-31,51.7,51.82,51.32,51.32,44.08,166.0,0.0
2020-08-03,51.42,52.86,51.42,52.84,45.39,1006.0,0.0
2020-08-04,52.28,52.36,51.48,52.18,44.82,935.0,0.0
2020-08-05,52.66,52.8,52.14,52.14,44.78,555.0,0.0
2020-08-06,51.0,51.2,50.96,51.06,44.17,987.0,0.42478925
2020-08-07,50.8,51.06,50.8,50.88,44.01,1927.0,0.0
2020-08-10,50.88,51.18,50.24,50.6,43.77,2577.0,0.0
2020-08-11,51.38,51.38,50.04,50.04,43.29,4963.0,0.0
2020-08-12,50.54,51.3,49.92,50.98,44.1,1858.0,0.0
2020-08-13,51.24,51.24,50.36,50.98,44.1,310.0,0.0
2020-08-14,50.2,50.54,50.06,50.54,43.72,421.0,0.0
2020-08-17,50.6,50.72,49.54,50.48,43.67,2047.0,0.0
2020-08-18,50.5,50.72,50.28,50.28,43.5,749.0,0.0
2020-08-19,50.42,50.8,50.0,50.78,43.93,413.0,0.0
2020-08-20,50.52,50.98,50.52,50.84,43.98,390.0,0.0
2020-08-21,50.9,50.92,50.2,50.38,43.58,143.0,0.0
2020-08-24,51.24,51.24,50.58,51.22,44.31,380.0,0.0
2020-08-25,50.62,51.62,50.62,50.84,43.98,181.0,0.0
2020-08-26,51.02,51.16,51.02,51.16,44.26,50.0,0.0
2020-08-27,51.5,52.06,50.7,51.48,44.53,1572.0,0.0
2020-08-28,51.1,51.14,50.28,50.28,43.5,318.0,0.0
2020-08-31,51.6,51.6,50.16,50.16,43.39,402.0,0.0
2020-09-01,50.3,50.3,49.19,49.91,43.18,3116.0,0.0
2020-09-02,50.38,51.58,50.38,51.28,44.36,1325.0,0.0
2020-09-03,52.16,52.16,50.74,50.74,43.89,1426.0,0.0
2020-09-04,50.72,50.88,49.7,49.7,42.99,692.0,0.0
2020-09-07,50.28,50.78,50.28,50.46,43.65,446.0,0.0
2020-09-08,51.2,51.2,49.86,50.7,43.86,697.0,0.0
2020-09-09,51.28,52.64,51.28,52.64,45.54,2.0,0.0
2020-09-10,52.78,52.78,52.02,52.02,45.0,781.0,0.0
2020-09-11,52.0,53.1,52.0,52.18,45.14,3074.0,0.0
2020-09-14,53.08,53.34,52.38,52.38,45.31,2152.0,0.0
2020-09-15,52.58,52.88,52.58,52.88,45.74,40.0,0.0
2020-09-16,53.54,53.54,53.14,53.14,45.97,512.0,0.0
2020-09-17,52.82,53.2,52.82,53.16,45.99,106.0,0.0
2020-09-18,53.14,53.14,51.74,51.74,44.76,2209.0,0.0
2020-09-21,51.74,51.9,50.96,50.96,44.08,1930.0,0.0
2020-09-22,51.62,52.38,50.88,51.92,44.91,8984.0,0.0
2020-09-23,52.76,52.96,52.18,52.18,45.14,656.0,0.0
2020-09-24,51.92,52.94,51.8,51.8,44.81,595.0,0.0
2020-09-25,52.52,53.02,52.14,52.14,45.1,885.0,0.0
2020-09-28,53.14,53.3,52.72,53.3,46.11,8592.0,0.0
2020-09-29,53.54,53.54,52.4,52.72,45.61,3849.0,0.0
2020-09-30,53.44,53.54,52.76,52.76,45.64,490.0,0.0
2020-10-01,53.76,53.86,52.84,52.84,45.71,742.0,0.0
2020-10-02,53.54,53.98,52.8,53.5,46.28,445.0,0.0
2020-10-05,54.2,54.36,53.42,53.42,46.21,1506.0,0.0
2020-10-06,53.44,53.54,53.24,53.24,46.06,2258.0,0.0
2020-10-07,53.42,53.56,52.86,52.86,45.73,888.0,0.0
2020-10-08,52.82,53.4,52.66,53.34,46.14,4311.0,0.0
2020-10-09,52.84,53.56,52.84,53.56,46.33,10.0,0.0
2020-10-12,54.0,54.24,53.82,54.06,46.77,940.0,0.0
2020-10-13,54.1,54.5,53.38,54.0,46.71,3509.0,0.0
2020-10-14,54.62,54.92,54.38,54.38,47.04,186.0,0.0
2020-10-15,54.14,54.14,53.52,53.52,46.3,453.0,0.0
2020-10-16,53.28,54.3,53.28,53.8,46.54,1169.0,0.0
2020-10-19,54.12,54.72,53.08,53.18,46.0,2552.0,0.0
2020-10-20,53.7,53.7,52.98,52.98,45.83,3016.0,0.0
2020-10-21,53.0,53.0,52.34,52.34,45.28,24.0,0.0
2020-10-22,52.74,53.08,52.42,52.42,45.35,477.0,0.0
2020-10-23,52.62,52.94,51.8,52.02,45.0,3536.0,0.0
2020-10-26,52.1,52.26,51.12,51.38,44.45,5101.0,0.0
2020-10-27,51.5,51.98,51.5,51.98,44.97,378.0,0.0
2020-10-28,50.9,51.52,50.0,50.3,43.51,5378.0,0.0
2020-10-29,50.56,50.56,49.37,49.54,43.18,2619.0,0.430303
2020-10-30,49.54,49.55,49.1,49.17,42.85,1719.0,0.0
2020-11-02,49.43,50.32,49.17,49.95,43.53,5264.0,0.0
2020-11-03,50.24,51.22,50.2,51.08,44.52,2593.0,0.0
2020-11-04,51.12,52.34,51.02,52.06,45.37,388.0,0.0
2020-11-05,52.58,52.96,52.12,52.12,45.43,1198.0,0.0
2020-11-06,51.8,52.5,51.56,52.24,45.53,675.0,0.0
2020-11-09,53.12,54.08,52.6,52.78,46.0,2126.0,0.0
2020-11-10,53.14,53.2,52.48,52.66,45.9,1831.0,0.0
2020-11-11,53.0,54.04,52.94,53.94,47.01,1788.0,0.0
2020-11-12,54.08,54.08,53.3,53.56,46.68,880.0,0.0
2020-11-13,53.68,53.68,53.3,53.3,46.45,350.0,0.0
2020-11-16,53.46,53.46,51.92,52.02,45.34,3796.0,0.0
2020-11-17,52.1,52.1,51.2,51.2,44.62,678.0,0.0
2020-11-18,51.0,51.3,50.84,50.84,44.31,745.0,0.0
2020-11-19,51.0,51.06,50.2,50.24,43.79,1769.0,0.0
2020-11-20,50.4,50.7,50.0,50.2,43.75,8108.0,0.0
2020-11-23,50.64,50.72,49.51,49.51,43.15,11538.0,0.0
2020-11-24,49.79,49.91,48.92,48.98,42.69,8497.0,0.0
2020-11-25,49.62,51.88,49.62,51.24,44.66,8065.0,0.0
2020-11-26,52.34,52.66,51.5,52.66,45.9,3172.0,0.0
2020-11-27,51.8,52.26,50.98,50.98,44.43,2581.0,0.0
2020-11-30,52.0,52.34,50.8,51.82,45.16,7249.0,0.0
2020-12-01,51.78,51.78,49.32,49.7,43.32,246014.0,0.0
2020-12-02,49.89,49.89,48.4,49.4,43.06,13883.0,0.0
2020-12-03,48.45,48.99,47.51,47.55,41.44,34547.0,0.0
2020-12-04,48.22,48.49,47.08,48.37,42.16,107655.0,0.0
2020-12-07,48.26,48.26,47.22,47.93,41.77,30968.0,0.0
2020-12-08,47.9,48.24,47.16,48.24,42.04,18814.0,0.0
2020-12-09,48.29,48.4,47.4,47.4,41.31,64744.0,0.0
2020-12-10,48.47,48.8,48.0,48.0,41.83,67244.0,0.0
2020-12-11,48.23,48.49,47.8,48.49,42.26,9540.0,0.0
2020-12-14,48.7,48.71,48.06,48.25,42.05,17460.0,0.0
2020-12-15,48.2,48.22,47.7,48.22,42.03,22486.0,0.0
2020-12-16,48.04,48.7,47.51,48.45,42.23,39910.0,0.0
2020-12-17,48.95,48.95,48.04,48.2,42.01,16577.0,0.0
2020-12-18,48.03,48.52,47.82,48.44,42.22,50978.0,0.0
2020-12-21,47.69,47.75,46.82,47.03,40.99,16194.0,0.0
2020-12-22,47.52,47.81,47.2,47.35,41.27,18520.0,0.0
2020-12-23,47.9,48.08,47.54,48.08,41.9,41797.0,0.0
2020-12-28,47.6,48.75,47.6,48.63,42.38,25278.0,0.0
2020-12-29,48.55,49.38,48.55,49.24,42.92,10640.0,0.0
2020-12-30,49.27,49.35,49.05,49.26,42.93,8812.0,0.0
2021-01-04,49.83,50.14,49.57,49.9,43.49,12184.0,0.0
2021-01-05,49.02,49.5,48.85,48.85,42.58,16108.0,0.0
2021-01-06,49.02,49.65,48.65,49.36,43.02,112230.0,0.0
2021-01-07,49.53,49.73,48.91,49.35,43.01,37487.0,0.0
2021-01-08,49.0,49.5,48.6,49.5,43.14,17323.0,0.0
2021-01-11,49.5,49.53,48.9,48.9,42.62,41641.0,0.0
2021-01-12,49.0,49.2,48.1,49.0,42.71,40064.0,0.0
2021-01-13,48.6,49.0,48.1,48.6,42.36,65744.0,0.0
2021-01-14,49.0,49.4,48.8,49.4,43.06,21912.0,0.0
2021-01-15,49.3,49.6,49.0,49.3,42.97,15561.0,0.0
2021-01-18,49.5,49.5,49.0,49.2,42.88,11425.0,0.0
2021-01-19,49.3,49.5,49.1,49.3,42.97,22045.0,0.0
2021-01-20,49.2,49.5,48.7,49.16,42.85,12134.0,0.0
2021-01-21,49.5,49.7,49.0,49.1,42.79,22686.0,0.0
2021-01-22,49.12,49.3,48.9,49.0,42.71,7371.0,0.0
2021-01-25,49.6,50.4,49.3,50.22,43.77,18191.0,0.0
2021-01-26,50.2,50.6,49.15,49.15,42.84,16539.0,0.0
2021-01-27,50.02,50.6,49.61,49.92,43.51,9350.0,0.0
2021-01-28,49.57,49.8,48.75,49.8,43.4,14565.0,0.0
2021-01-29,48.59,48.66,47.89,48.11,41.93,16063.0,0.0
2021-02-01,48.5,48.64,48.24,48.54,42.31,21059.0,0.0
2021-02-02,48.57,49.01,48.48,48.79,42.52,9128.0,0.0
2021-02-03,48.96,49.54,48.89,49.0,42.71,7032.0,0.0
2021-02-04,47.64,47.64,46.4,46.6,40.61,146949.0,0.0
2021-02-05,46.7,46.73,45.55,45.55,39.7,107034.0,0.0
2021-02-08,45.98,46.03,45.21,45.39,39.56,107903.0,0.0
2021-02-09,45.3,45.3,44.55,45.29,39.47,87314.0,0.0
2021-02-10,45.18,45.66,44.9,45.66,39.8,59301.0,0.0
2021-02-11,45.07,45.26,44.36,44.64,38.91,197788.0,0.0
2021-02-12,44.85,45.82,44.7,45.82,39.93,67629.0,0.0
2021-02-15,45.16,46.25,44.95,46.25,40.31,45098.0,0.0
2021-02-16,46.0,46.23,45.74,45.98,40.07,40257.0,0.0
2021-02-17,45.79,46.3,45.37,46.3,40.35,41029.0,0.0
2021-02-18,45.79,45.91,45.52,45.88,39.99,16429.0,0.0
2021-02-19,45.99,45.99,45.25,45.5,39.66,37696.0,0.0
2021-02-22,44.68,44.9,44.26,44.26,38.58,64724.0,0.0
2021-02-23,44.45,45.66,44.12,45.61,39.75,59696.0,0.0
2021-02-24,45.46,45.46,44.41,44.65,38.92,52142.0,0.0
2021-02-25,44.46,44.59,44.13,44.29,38.93,53648.0,0.43191117
2021-02-26,44.0,44.4,43.1,43.25,38.02,63215.0,0.0
2021-03-01,43.43,44.06,43.4,43.73,38.44,63536.0,0.0
2021-03-02,43.99,44.54,43.92,44.54,39.15,40328.0,0.0
2021-03-03,44.55,44.55,43.72,44.0,38.67,34459.0,0.0
2021-03-04,44.4,45.26,44.19,44.86,39.43,63688.0,0.0
2021-03-05,44.69,45.3,44.18,45.29,39.81,25194.0,0.0
2021-03-08,45.12,45.93,44.68,45.93,40.37,40252.0,0.0
2021-03-09,45.6,46.08,45.59,45.75,40.21,27494.0,0.0
2021-03-10,46.0,46.24,45.55,46.0,40.43,30486.0,0.0
2021-03-11,46.28,46.28,45.5,45.78,40.24,16336.0,0.0
2021-03-12,45.75,46.22,45.7,46.05,40.48,23451.0,0.0
2021-03-15,46.58,46.86,46.1,46.37,40.76,27523.0,0.0
2021-03-16,46.34,47.15,46.1,47.02,41.33,61634.0,0.0
2021-03-17,47.0,47.16,46.9,47.09,41.39,10702.0,0.0
2021-03-18,46.96,47.18,46.64,46.77,41.11,12853.0,0.0
2021-03-19,46.83,46.93,46.26,46.53,40.9,18139.0,0.0
2021-03-22,46.16,46.8,45.93,46.6,40.96,22101.0,0.0
2021-03-23,46.67,47.5,46.53,47.3,41.57,21688.0,0.0
2021-03-24,47.26,47.29,46.71,47.29,41.57,14495.0,0.0
2021-03-25,47.18,47.8,47.0,47.0,41.31,27317.0,0.0
2021-03-26,47.57,47.75,47.12,47.31,41.58,21384.0,0.0
2021-03-29,47.59,48.1,47.39,48.1,42.28,21666.0,0.0
2021-03-30,48.12,48.12,47.58,47.99,42.18,13287.0,0.0
2021-03-31,47.84,48.2,47.71,47.74,41.96,15056.0,0.0
2021-04-01,48.03,48.03,47.39,47.5,41.75,24343.0,0.0
2021-04-06,48.15,48.15,47.5,48.0,42.19,21101.0,0.0
2021-04-07,47.67,48.15,47.51,48.0,42.19,9012.0,0.0
2021-04-08,47.49,48.25,47.47,48.03,42.21,19858.0,0.0
2021-04-09,47.96,47.96,47.59,47.76,41.98,22253.0,0.0
2021-04-12,47.7,47.9,47.5,47.65,41.88,17315.0,0.0
2021-04-13,48.0,48.0,47.5,47.79,42.01,22781.0,0.0
2021-04-14,47.69,47.77,47.23,47.4,41.67,18002.0,0.0
2021-04-15,47.63,48.25,47.44,48.25,42.41,11985.0,0.0
2021-04-16,47.86,48.06,47.72,47.97,42.17,15732.0,0.0
2021-04-19,48.02,48.33,47.84,48.03,42.22,14903.0,0.0
2021-04-20,48.2,48.2,47.7,47.7,41.93,14680.0,0.0
2021-04-21,47.81,48.08,47.6,47.6,41.84,8168.0,0.0
2021-04-22,47.83,48.1,47.2,47.42,41.68,14549.0,0.0
2021-04-23,47.69,47.69,46.83,47.0,41.31,9980.0,0.0
2021-04-26,47.1,47.42,46.81,47.42,41.68,17301.0,0.0
2021-04-27,47.13,47.35,46.7,46.9,41.22,19247.0,0.0
2021-04-28,46.81,47.24,46.7,46.75,41.09,17005.0,0.0
2021-04-29,48.29,48.9,48.1,48.17,42.34,45996.0,0.0
2021-04-30,48.47,48.98,48.29,48.81,42.91,13685.0,0.0
2021-05-03,49.15,49.49,48.53,49.49,43.5,15538.0,0.0
2021-05-04,49.02,49.38,48.43,49.03,43.1,29759.0,0.0
2021-05-05,48.6,49.26,48.35,48.98,43.05,10691.0,0.0
2021-05-06,49.13,49.5,48.83,49.49,43.5,25257.0,0.0
2021-05-07,49.88,49.88,49.12,49.26,43.29,8690.0,0.0
2021-05-10,49.42,49.92,49.08,49.82,43.79,29558.0,0.0
2021-05-11,49.51,49.51,48.79,48.96,43.03,24231.0,0.0
2021-05-12,49.28,49.93,49.21,49.78,43.75,23858.0,0.0
2021-05-13,49.06,49.76,48.95,49.68,43.67,10402.0,0.0
2021-05-14,49.97,50.28,49.77,49.92,43.88,6256.0,0.0
2021-05-17,50.17,50.28,49.74,50.28,44.19,20578.0,0.0
2021-05-18,50.45,50.45,49.81,49.97,43.92,15244.0,0.0
2021-05-19,49.32,49.92,49.15,49.25,43.29,13681.0,0.0
2021-05-20,49.56,49.92,49.33,49.83,44.13,25813.0,0.4261677
2021-05-21,49.97,49.97,49.54,49.83,44.14,18090.0,0.0
2021-05-25,49.71,49.83,49.44,49.82,44.12,36207.0,0.0
2021-05-26,50.05,50.3,49.81,49.99,44.27,15389.0,0.0
2021-05-27,49.74,49.85,49.0,49.0,43.4,18750.0,0.0
2021-05-28,49.19,49.42,49.0,49.31,43.67,6541.0,0.0
2021-05-31,49.4,49.4,48.8,48.85,43.26,12161.0,0.0
2021-06-01,49.35,49.49,49.02,49.02,43.41,8259.0,0.0
2021-06-02,49.54,49.59,49.28,49.36,43.71,8434.0,0.0
2021-06-03,49.5,49.74,49.21,49.57,43.9,17076.0,0.0
2021-06-04,49.96,50.1,49.63,49.92,44.22,9861.0,0.0
2021-06-07,49.88,50.05,49.5,49.74,44.05,9310.0,0.0
2021-06-08,50.03,50.41,49.61,50.41,44.64,7055.0,0.0
2021-06-09,49.87,49.87,49.5,49.85,44.15,6287.0,0.0
2021-06-10,49.62,49.97,49.33,49.6,43.93,24242.0,0.0
2021-06-11,49.85,50.26,49.62,50.26,44.51,6880.0,0.0
2021-06-14,50.33,50.33,49.75,49.81,44.11,15804.0,0.0
2021-06-15,50.41,50.63,50.18,50.31,44.56,6667.0,0.0
2021-06-16,50.66,51.09,50.35,50.35,44.59,10970.0,0.0
2021-06-17,50.4,51.0,50.25,51.0,45.17,15280.0,0.0
2021-06-18,51.0,51.0,50.0,50.0,44.28,5314.0,0.0
2021-06-21,50.28,50.71,50.01,50.37,44.61,20185.0,0.0
2021-06-22,50.51,50.7,50.23,50.35,44.59,15739.0,0.0
2021-06-23,50.52,50.58,49.97,50.25,44.5,5923.0,0.0
2021-06-24,50.19,50.28,49.55,49.6,43.93,10296.0,0.0
2021-06-25,49.44,49.78,49.37,49.54,43.87,10827.0,0.0
2021-06-28,49.81,50.1,49.6,50.1,44.37,4422.0,0.0
2021-06-29,50.09,50.09,49.5,49.5,43.84,5729.0,0.0
2021-06-30,49.6,49.74,49.19,49.5,43.84,6852.0,0.0
2021-07-01,49.69,49.85,49.13,49.56,43.89,17354.0,0.0
2021-07-02,49.69,49.85,49.5,49.85,44.15,10393.0,0.0
2021-07-05,49.72,49.84,49.42,49.84,44.14,10102.0,0.0
2021-07-06,49.74,50.2,49.72,49.85,44.15,9029.0,0.0
2021-07-07,50.18,50.94,50.08,50.7,44.9,10407.0,0.0
2021-07-08,50.55,50.73,49.69,50.09,44.36,19428.0,0.0
2021-07-09,50.33,50.4,49.65,49.77,44.08,9801.0,0.0
2021-07-12,50.25,50.52,50.04,50.23,44.49,12505.0,0.0
2021-07-13,50.44,50.9,50.19,50.43,44.66,12490.0,0.0
2021-07-14,51.0,51.0,50.26,50.6,44.81,19503.0,0.0
2021-07-15,50.54,50.78,50.2,50.38,44.62,8755.0,0.0
2021-07-16,50.52,50.94,50.4,50.63,44.84,22702.0,0.0
2021-07-19,50.8,50.8,50.11,50.11,44.38,14312.0,0.0
2021-07-20,50.44,50.8,50.05,50.05,44.33,10300.0,0.0
2021-07-21,50.37,50.47,49.94,49.94,44.23,10214.0,0.0
2021-07-22,48.34,48.5,47.1,47.37,41.95,66632.0,0.0
2021-07-23,47.29,48.55,47.22,48.52,42.97,49480.0,0.0
2021-07-26,48.31,48.31,47.2,47.3,41.89,24857.0,0.0
2021-07-27,47.13,47.98,46.75,47.56,42.12,40761.0,0.0
2021-07-28,47.79,47.96,47.5,47.56,42.12,8985.0,0.0
2021-07-29,47.56,48.47,47.56,48.1,42.6,38837.0,0.0
2021-07-30,48.0,48.98,47.99,48.55,43.0,23110.0,0.0
2021-08-02,48.95,48.95,48.04,48.31,42.78,14922.0,0.0
2021-08-03,48.6,48.99,48.4,48.46,42.92,10065.0,0.0
2021-08-04,48.92,49.08,48.56,48.56,43.01,19270.0,0.0
2021-08-05,48.51,48.61,48.24,48.27,43.08,8437.0,0.42421493
2021-08-06,48.39,48.44,48.08,48.28,43.09,54094.0,0.0
2021-08-09,48.38,49.06,48.19,49.06,43.78,9869.0,0.0
2021-08-10,48.69,48.85,48.5,48.67,43.44,12125.0,0.0
2021-08-11,48.94,49.01,48.55,48.86,43.6,19061.0,0.0
2021-08-12,48.77,49.18,48.64,49.04,43.76,10733.0,0.0
2021-08-13,48.8,49.01,48.65,48.96,43.69,10267.0,0.0
2021-08-16,48.96,48.97,48.12,48.3,43.1,15555.0,0.0
2021-08-17,48.25,48.75,48.1,48.75,43.51,10007.0,0.0
2021-08-18,48.94,48.94,48.28,48.34,43.14,5892.0,0.0
2021-08-19,48.0,48.09,47.5,48.01,42.85,19686.0,0.0
2021-08-20,48.12,48.46,47.63,47.9,42.75,8525.0,0.0
2021-08-23,48.29,48.35,47.81,48.06,42.89,6452.0,0.0
2021-08-24,48.04,48.19,47.4,47.59,42.47,8075.0,0.0
2021-08-25,47.83,47.83,47.08,47.1,42.03,13981.0,0.0
2021-08-26,47.17,47.49,46.92,47.33,42.23,10890.0,0.0
2021-08-27,47.51,47.51,47.15,47.31,42.22,6349.0,0.0
2021-08-30,47.5,47.5,47.01,47.19,42.11,6279.0,0.0
2021-08-31,47.19,47.31,46.78,47.06,41.99,8955.0,0.0
2021-09-01,47.46,47.46,46.8,46.8,41.77,11337.0,0.0
2021-09-02,46.47,46.47,45.8,46.13,41.17,32777.0,0.0
2021-09-03,46.38,46.9,46.08,46.42,41.42,18633.0,0.0
2021-09-06,46.44,46.74,46.37,46.45,41.45,15431.0,0.0
2021-09-07,46.53,46.63,46.36,46.38,41.39,12544.0,0.0
2021-09-08,46.15,46.9,45.82,46.63,41.62,13564.0,0.0
2021-09-09,46.73,46.93,46.23,46.23,41.26,19960.0,0.0
2021-09-10,46.62,46.62,46.22,46.22,41.25,7300.0,0.0
2021-09-13,46.49,47.06,46.49,46.89,41.85,7123.0,0.0
2021-09-14,47.03,47.54,46.74,46.9,41.85,16573.0,0.0
2021-09-15,47.1,47.1,46.6,46.6,41.59,5989.0,0.0
2021-09-16,46.17,46.59,46.17,46.29,41.31,10302.0,0.0
2021-09-17,46.69,46.69,45.96,45.99,41.04,12096.0,0.0
2021-09-20,46.06,46.6,46.01,46.56,41.55,47461.0,0.0
2021-09-21,46.5,47.11,46.35,46.7,41.68,19130.0,0.0
2021-09-22,46.71,47.06,46.68,46.8,41.77,13848.0,0.0
2021-09-23,47.0,47.16,46.55,46.55,41.54,13783.0,0.0
2021-09-24,46.56,46.88,46.4,46.4,41.41,9111.0,0.0
2021-09-27,46.89,46.89,46.32,46.32,41.34,7567.0,0.0
2021-09-28,46.5,46.96,46.4,46.4,41.41,19679.0,0.0
2021-09-29,46.81,47.13,46.67,47.08,42.01,6995.0,0.0
2021-09-30,47.07,47.27,46.44,46.44,41.44,6184.0,0.0
2021-10-01,46.65,46.94,46.42,46.42,41.43,16651.0,0.0
2021-10-04,46.42,46.47,45.85,46.0,41.05,10744.0,0.0
2021-10-05,46.4,46.59,46.08,46.44,41.44,10538.0,0.0
2021-10-06,45.76,45.76,45.09,45.62,40.71,21709.0,0.0
2021-10-07,46.04,46.17,45.69,45.69,40.77,11899.0,0.0
2021-10-08,45.67,45.97,45.26,45.97,41.02,16663.0,0.0
2021-10-11,45.44,45.72,45.16,45.18,40.32,15493.0,0.0
2021-10-12,45.28,45.51,45.09,45.51,40.61,16022.0,0.0
2021-10-13,45.28,45.85,45.05,45.35,40.47,23925.0,0.0
2021-10-14,45.76,45.96,45.49,45.78,40.85,10549.0,0.0
2021-10-15,45.75,45.9,45.14,45.85,40.92,14838.0,0.0
2021-10-18,45.81,45.83,45.21,45.35,40.47,19007.0,0.0
2021-10-19,45.39,45.4,44.9,45.4,40.52,35803.0,0.0
2021-10-20,45.22,45.6,45.19,45.49,40.59,25081.0,0.0
2021-10-21,45.66,46.81,45.54,45.6,40.69,42259.0,0.0
2021-10-22,46.03,46.3,46.0,46.13,41.16,11167.0,0.0
2021-10-25,46.14,46.51,45.97,46.51,41.5,10500.0,0.0
2021-10-26,46.44,46.67,46.23,46.62,41.6,10843.0,0.0
2021-10-27,46.69,46.69,46.11,46.24,41.27,9306.0,0.0
2021-10-28,46.12,46.42,46.04,46.08,41.12,6235.0,0.0
2021-10-29,45.89,46.4,45.7,46.4,41.41,13014.0,0.0
2021-11-01,46.6,46.69,46.17,46.59,41.58,18563.0,0.0
2021-11-02,46.43,46.62,46.02,46.26,41.29,18250.0,0.0
2021-11-03,46.54,46.9,46.24,46.9,41.86,19561.0,0.0
2021-11-04,46.31,46.38,45.62,46.14,41.49,40322.0,0.41330227
2021-11-05,45.7,46.0,45.5,46.0,41.37,20824.0,0.0
2021-11-08,45.53,45.97,45.19,45.2,40.65,47193.0,0.0
2021-11-09,45.45,45.81,45.25,45.8,41.19,39515.0,0.0
2021-11-10,45.8,45.96,45.5,45.96,41.33,17792.0,0.0
2021-11-11,45.81,46.08,45.69,45.75,41.14,22352.0,0.0
2021-11-12,45.81,46.2,45.72,46.2,41.55,12122.0,0.0
2021-11-15,45.91,45.99,45.23,45.95,41.32,16485.0,0.0
2021-11-16,46.02,46.3,45.62,46.3,41.64,41455.0,0.0
2021-11-17,46.01,46.03,45.5,46.0,41.37,13413.0,0.0
2021-11-18,45.9,45.97,45.45,45.8,41.19,16973.0,0.0
2021-11-19,45.35,46.17,45.23,45.96,41.33,13607.0,0.0
2021-11-22,45.81,46.21,45.67,46.06,41.43,20746.0,0.0
2021-11-23,46.15,46.4,46.0,46.4,41.73,9053.0,0.0
2021-11-24,46.39,47.0,46.14,47.0,42.27,16964.0,0.0
2021-11-25,46.6,47.4,46.45,47.25,42.49,15728.0,0.0
2021-11-26,46.32,46.87,46.02,46.53,41.85,28949.0,0.0
2021-11-29,46.49,46.92,46.46,46.92,42.2,34867.0,0.0
2021-11-30,46.19,46.34,45.5,45.81,41.2,36585.0,0.0
2021-12-01,45.37,45.49,44.85,44.9,40.38,22494.0,0.0
2021-12-02,45.32,45.92,45.28,45.4,40.83,14910.0,0.0
2021-12-03,45.8,45.8,45.21,45.21,40.66,17711.0,0.0
2021-12-06,45.82,46.29,45.51,45.72,41.12,19717.0,0.0
2021-12-08,46.61,46.78,46.1,46.1,41.46,6850.0,0.0
2021-12-09,46.47,46.74,46.21,46.54,41.85,18609.0,0.0
2021-12-10,46.71,47.22,46.7,46.89,42.17,19606.0,0.0
2021-12-13,46.85,47.11,46.81,46.92,42.2,8088.0,0.0
2021-12-14,47.27,47.27,46.93,47.0,42.27,8225.0,0.0
2021-12-15,47.31,47.31,46.52,46.52,41.84,11919.0,0.0
2021-12-16,46.72,47.13,46.5,47.1,42.36,6262.0,0.0
2021-12-17,47.06,47.22,46.51,46.51,41.83,9884.0,0.0
2021-12-20,46.54,46.86,46.2,46.4,41.73,9279.0,0.0
2021-12-21,46.55,46.72,46.22,46.22,41.57,14274.0,0.0
2021-12-22,46.33,46.5,45.94,46.5,41.82,22150.0,0.0
2021-12-23,46.35,46.83,46.24,46.66,41.96,11314.0,0.0
2021-12-27,46.73,47.0,46.67,46.88,42.16,15339.0,0.0
2021-12-28,46.99,47.38,46.99,47.0,42.27,7075.0,0.0
2021-12-29,47.47,47.65,47.1,47.31,42.55,29622.0,0.0
2021-12-30,47.25,47.49,47.17,47.31,42.55,4972.0,0.0
2022-01-03,47.44,47.51,47.0,47.32,42.56,14380.0,0.0
2022-01-04,47.48,47.98,47.26,47.53,42.74,16139.0,0.0
2022-01-05,47.64,47.64,47.24,47.31,42.55,12816.0,0.0
2022-01-06,47.07,47.26,46.78,47.03,42.29,21323.0,0.0
2022-01-07,46.9,47.63,46.76,47.63,42.83,10516.0,0.0
2022-01-10,47.17,47.74,47.03,47.74,42.94,22185.0,0.0
2022-01-11,47.6,47.63,46.97,47.01,42.28,9625.0,0.0
2022-01-12,47.49,47.49,46.71,47.28,42.52,20666.0,0.0
2022-01-13,46.71,47.06,46.57,46.83,42.12,11581.0,0.0
2022-01-14,46.6,47.5,46.54,47.5,42.72,10334.0,0.0
2022-01-17,45.04,45.1,43.34,44.25,39.79,255187.0,0.0
2022-01-18,43.98,43.98,42.28,42.56,38.27,231796.0,0.0
2022-01-19,42.15,44.59,41.99,44.59,40.1,108873.0,0.0
2022-01-20,44.74,45.12,43.99,44.03,39.59,60668.0,0.0
2022-01-21,43.51,44.22,43.51,44.22,39.77,36756.0,0.0
2022-01-24,46.37,47.35,46.03,47.06,42.32,214999.0,0.0
2022-01-25,46.64,47.33,46.49,47.2,42.45,15657.0,0.0
2022-01-26,46.92,47.13,45.78,45.78,41.18,20777.0,0.0
2022-01-27,45.88,46.46,45.56,46.24,41.58,26483.0,0.0
2022-01-28,45.94,46.03,45.26,45.85,41.23,12548.0,0.0
2022-01-31,45.74,46.01,45.26,45.28,40.72,18958.0,0.0
2022-02-01,45.38,45.6,44.99,45.04,40.51,13918.0,0.0
2022-02-02,44.78,45.8,44.71,45.8,41.19,18124.0,0.0
2022-02-03,45.47,45.9,45.2,45.44,40.86,23729.0,0.0
2022-02-04,45.13,45.45,44.93,45.45,40.87,25225.0,0.0
2022-02-07,45.28,45.81,45.22,45.76,41.15,15618.0,0.0
2022-02-08,45.94,46.11,45.69,45.91,41.29,11726.0,0.0
2022-02-09,46.15,46.37,45.1,45.1,40.56,23315.0,0.0
2022-02-10,43.78,45.16,43.58,45.04,40.51,59324.0,0.0
2022-02-11,45.13,46.92,45.11,46.22,41.57,36869.0,0.0
2022-02-14,46.16,46.28,45.35,45.61,41.02,24024.0,0.0
2022-02-15,45.87,46.19,45.47,45.92,41.3,11241.0,0.0
2022-02-16,45.39,45.82,45.36,45.67,41.08,17867.0,0.0
2022-02-17,45.69,45.72,45.28,45.65,41.05,11694.0,0.0
2022-02-18,45.78,46.28,45.78,46.18,41.53,13352.0,0.0
2022-02-21,46.22,46.5,46.03,46.13,41.49,27919.0,0.0
2022-02-22,46.33,46.38,45.19,45.64,41.04,28494.0,0.0
2022-02-23,45.51,46.17,45.5,46.01,41.38,14929.0,0.0
2022-02-24,44.5,44.94,43.44,43.74,39.65,392031.0,0.41376173
2022-02-25,43.81,44.74,43.3,44.63,40.46,35010.0,0.0
2022-02-28,44.72,44.88,44.33,44.88,40.68,18262.0,0.0
2022-03-01,44.97,45.0,44.08,44.15,40.02,22010.0,0.0
2022-03-02,44.08,44.18,43.17,44.05,39.93,34862.0,0.0
2022-03-03,43.62,43.76,42.92,43.01,38.98,33816.0,0.0
2022-03-04,42.94,42.94,41.17,41.17,37.32,71715.0,0.0
2022-03-07,40.69,40.89,39.75,40.22,36.46,88434.0,0.0
2022-03-08,40.13,40.45,39.6,40.13,36.38,47148.0,0.0
2022-03-09,40.26,41.0,40.2,41.0,37.16,45116.0,0.0
2022-03-10,40.59,41.0,40.0,40.0,36.26,25747.0,0.0
2022-03-11,39.85,40.75,39.4,40.45,36.66,61008.0,0.0
2022-03-14,40.4,40.9,40.21,40.9,37.07,27389.0,0.0
2022-03-15,40.33,40.98,40.17,40.45,36.66,27030.0,0.0
2022-03-16,40.49,40.88,40.32,40.88,37.05,44030.0,0.0
2022-03-17,40.54,40.75,40.37,40.75,36.94,33145.0,0.0
2022-03-18,40.78,40.95,40.2,40.72,36.91,39307.0,0.0
2022-03-21,40.72,41.1,40.6,40.84,37.02,29592.0,0.0
2022-03-22,40.83,41.5,40.71,41.31,37.44,27925.0,0.0
2022-03-23,41.37,41.6,40.67,40.97,37.14,21829.0,0.0
2022-03-24,40.83,40.87,40.48,40.69,36.88,31886.0,0.0
2022-03-25,40.31,40.7,40.15,40.6,36.8,66056.0,0.0
2022-03-28,40.99,41.19,40.81,41.0,37.16,35255.0,0.0
2022-03-29,41.23,42.35,41.14,41.85,37.94,63291.0,0.0
2022-03-30,41.6,41.78,41.5,41.58,37.69,29692.0,0.0
2022-03-31,41.72,41.74,41.0,41.16,37.31,47341.0,0.0
2022-04-01,41.47,42.0,41.32,41.93,38.01,52128.0,0.0
2022-04-04,42.05,42.1,41.7,42.06,38.13,35692.0,0.0
2022-04-05,42.34,42.46,41.92,42.28,38.33,41940.0,0.0
2022-04-06,42.04,42.35,41.7,41.74,37.83,21451.0,0.0
2022-04-07,42.24,42.3,41.7,41.7,37.8,23531.0,0.0
2022-04-08,42.06,42.38,42.0,42.06,38.12,19518.0,0.0
2022-04-11,41.92,41.97,41.41,41.74,37.84,43143.0,0.0
2022-04-12,41.56,41.65,40.94,41.0,37.16,22530.0,0.0
2022-04-13,41.08,41.49,40.96,41.49,37.61,32965.0,0.0
2022-04-14,41.28,41.61,41.04,41.57,37.68,34457.0,0.0
2022-04-19,40.81,41.15,40.55,41.1,37.25,54897.0,0.0
2022-04-20,41.33,41.85,41.33,41.52,37.63,95624.0,0.0
2022-04-22,42.35,42.46,42.06,42.28,38.32,29188.0,0.0
2022-04-25,41.69,43.07,41.65,42.69,38.7,34786.0,0.0
2022-04-26,43.22,43.74,43.08,43.22,39.18,26304.0,0.0
2022-04-28,43.22,43.56,42.44,43.3,39.25,44815.0,0.0
2022-04-29,43.7,44.53,43.7,44.33,40.18,36349.0,0.0
2022-05-02,44.14,44.14,43.15,43.15,39.11,29558.0,0.0
2022-05-03,43.59,43.74,42.88,43.63,39.54,52172.0,0.0
2022-05-04,43.31,43.34,42.8,42.8,38.79,19842.0,0.0
2022-05-05,43.06,43.16,42.65,42.91,38.89,19753.0,0.0
2022-05-09,42.15,43.5,41.91,42.56,38.58,21945.0,0.0
2022-05-10,42.92,43.76,42.85,43.12,39.08,32604.0,0.0
2022-05-11,43.29,43.29,42.78,42.85,38.84,13615.0,0.0
2022-05-12,42.69,43.67,42.5,43.34,39.28,19567.0,0.0
2022-05-16,43.29,43.87,43.01,43.83,39.72,22010.0,0.0
2022-05-17,43.86,43.94,43.1,43.57,39.49,22018.0,0.0
2022-05-18,43.51,43.6,42.76,42.76,38.76,16247.0,0.0
2022-05-19,41.92,41.92,40.3,40.7,37.2,49435.0,0.4123833
2022-05-20,41.5,41.79,41.07,41.79,38.2,26100.0,0.0
2022-05-23,41.75,41.83,41.14,41.55,37.98,30487.0,0.0
2022-05-24,41.35,41.7,41.3,41.7,38.12,26090.0,0.0
2022-05-26,41.4,41.5,40.92,41.14,37.61,13194.0,0.0
2022-05-31,43.53,44.86,43.21,44.72,40.88,100285.0,0.0
2022-06-01,44.63,44.79,43.29,43.29,39.57,40600.0,0.0
2022-06-06,43.45,43.83,43.32,43.52,39.78,11024.0,0.0
2022-06-07,43.26,43.55,43.17,43.42,39.69,31766.0,0.0
2022-06-08,43.37,43.37,42.65,42.9,39.22,16437.0,0.0
2022-06-09,42.88,43.22,42.49,43.0,39.31,15345.0,0.0
2022-06-10,42.44,42.67,42.2,42.56,38.91,18350.0,0.0
2022-06-13,42.5,42.83,42.01,42.3,38.67,42908.0,0.0
2022-06-14,42.29,42.53,41.46,41.46,37.9,23988.0,0.0
2022-06-15,41.99,42.72,41.65,41.9,38.3,29401.0,0.0
2022-06-16,42.01,42.04,41.28,41.4,37.85,36581.0,0.0
2022-06-17,41.59,42.24,41.49,41.82,38.23,25544.0,0.0
2022-06-20,42.01,42.01,41.62,41.94,38.33,11135.0,0.0
2022-06-21,41.83,42.04,41.65,41.65,38.07,21507.0,0.0
2022-06-22,42.0,42.3,41.65,41.75,38.16,18652.0,0.0
2022-06-23,41.71,42.24,41.56,41.99,38.38,28619.0,0.0
2022-06-24,42.6,43.72,42.53,43.39,39.66,18738.0,0.0
2022-06-27,43.59,43.72,43.04,43.3,39.58,16715.0,0.0
2022-06-28,43.35,43.6,43.13,43.29,39.57,16424.0,0.0
2022-06-29,43.26,43.62,42.85,43.6,39.86,23473.0,0.0
2022-06-30,43.03,43.47,42.99,43.47,39.74,32514.0,0.0
2022-07-01,43.38,44.25,43.15,44.25,40.45,52914.0,0.0
2022-07-04,44.17,44.3,44.0,44.25,40.45,15373.0,0.0
2022-07-05,44.0,44.38,43.92,43.92,40.15,25447.0,0.0
2022-07-06,44.5,45.5,44.5,45.4,41.5,35189.0,0.0
2022-07-07,45.49,45.68,45.0,45.0,41.13,27278.0,0.0
2022-07-08,45.44,45.54,45.06,45.06,41.18,18130.0,0.0
2022-07-11,45.64,45.67,45.19,45.44,41.54,12784.0,0.0
2022-07-13,45.88,45.97,45.49,45.67,41.74,10599.0,0.0
2022-07-14,45.98,45.99,45.59,45.63,41.71,29594.0,0.0
2022-07-15,45.8,46.15,45.79,45.9,41.96,18183.0,0.0
2022-07-18,45.88,46.29,45.45,45.9,41.96,20441.0,0.0
2022-07-19,45.63,46.64,45.4,46.6,42.6,15939.0,0.0
2022-07-20,46.36,46.52,45.7,45.74,41.81,14621.0,0.0
2022-07-21,45.78,45.79,45.0,45.0,41.13,22278.0,0.0
2022-07-22,46.08,46.21,45.75,45.89,41.95,20015.0,0.0
2022-07-25,45.97,46.29,45.87,46.2,42.23,19545.0,0.0
2022-07-26,46.6,47.9,46.6,47.9,43.78,88665.0,0.0
2022-07-27,48.42,48.47,47.47,47.6,43.51,57821.0,0.0
2022-07-28,47.26,47.44,47.02,47.06,43.01,15380.0,0.0
2022-07-29,47.76,47.92,47.25,47.92,43.81,14640.0,0.0
2022-08-01,47.54,47.85,47.44,47.53,43.45,12433.0,0.0
2022-08-02,47.64,48.08,47.56,48.04,43.91,29980.0,0.0
2022-08-03,47.53,48.03,47.31,47.87,43.75,16551.0,0.0
2022-08-04,47.45,47.74,47.17,47.49,43.75,49922.0,0.4173227
2022-08-05,47.29,47.49,46.99,47.06,43.35,19448.0,0.0
2022-08-08,47.38,47.73,46.96,47.06,43.35,35350.0,0.0
2022-08-09,47.38,47.38,46.99,47.37,43.63,25709.0,0.0
2022-08-10,46.81,46.9,46.58,46.76,43.07,28799.0,0.0
2022-08-11,46.76,46.76,46.08,46.42,42.76,23566.0,0.0
2022-08-12,46.28,46.28,45.85,46.08,42.45,19771.0,0.0
2022-08-15,46.34,46.88,46.22,46.88,43.18,37551.0,0.0
2022-08-16,46.76,46.83,46.29,46.47,42.8,44556.0,0.0
2022-08-17,46.71,46.9,46.54,46.76,43.07,42849.0,0.0
2022-08-18,46.72,46.74,46.37,46.74,43.06,48254.0,0.0
2022-08-19,46.48,47.22,46.48,47.2,43.47,60213.0,0.0
2022-08-22,46.99,47.51,46.94,47.47,43.73,31196.0,0.0
2022-08-23,47.32,47.32,46.5,46.72,43.03,22353.0,0.0
2022-08-24,46.65,47.58,46.61,47.31,43.58,21384.0,0.0
2022-08-25,47.19,47.31,46.71,46.81,43.12,24678.0,0.0
2022-08-26,47.13,47.26,46.19,46.2,42.55,16847.0,0.0
2022-08-29,46.01,46.49,45.69,46.36,42.7,21209.0,0.0
2022-08-30,46.14,46.56,45.8,45.95,42.32,23149.0,0.0
2022-08-31,45.79,45.9,45.3,45.42,41.83,25381.0,0.0
2022-09-01,45.36,45.38,44.76,44.88,41.34,23780.0,0.0
2022-09-02,44.87,45.17,44.85,45.13,41.57,16570.0,0.0
2022-09-05,44.84,44.94,44.62,44.91,41.37,12951.0,0.0
2022-09-06,44.96,45.76,44.92,45.69,42.08,14076.0,0.0
2022-09-07,45.19,45.43,45.13,45.28,41.71,17057.0,0.0
2022-09-08,45.05,45.38,44.7,45.05,41.49,15330.0,0.0
2022-09-09,45.19,45.92,45.19,45.85,42.23,12824.0,0.0
2022-09-12,45.6,46.49,45.6,46.25,42.6,21513.0,0.0
2022-09-13,46.52,46.85,46.19,46.19,42.54,15001.0,0.0
2022-09-14,46.08,46.19,45.7,45.78,42.17,17764.0,0.0
2022-09-15,45.98,46.13,45.35,45.54,41.95,15353.0,0.0
2022-09-16,45.4,45.56,44.89,45.15,41.58,14890.0,0.0
2022-09-19,44.94,45.24,44.85,44.93,41.38,9879.0,0.0
2022-09-20,45.28,45.65,45.04,45.25,41.68,9256.0,0.0
2022-09-21,45.31,46.58,45.29,46.44,42.77,22071.0,0.0
2022-09-22,46.26,46.83,46.24,46.24,42.6,15768.0,0.0
2022-09-23,46.22,46.22,45.13,45.13,41.57,16238.0,0.0
2022-09-26,46.05,46.16,44.89,45.81,42.19,32539.0,0.0
2022-09-27,45.88,46.35,45.61,45.72,42.12,16706.0,0.0
2022-09-28,45.07,45.56,44.78,45.56,41.97,25800.0,0.0
2022-09-29,45.67,46.05,45.47,45.9,42.28,54364.0,0.0
2022-09-30,45.69,45.88,45.04,45.04,41.49,16085.0,0.0
2022-10-03,44.76,45.0,44.49,44.49,40.98,19059.0,0.0
2022-10-04,44.67,45.65,44.63,45.56,41.96,19341.0,0.0
2022-10-05,44.99,45.33,44.92,45.33,41.75,6554.0,0.0
2022-10-06,45.24,45.55,44.65,44.69,41.17,10796.0,0.0
2022-10-07,44.78,45.16,44.62,44.63,41.11,12768.0,0.0
2022-10-10,44.77,44.77,44.42,44.46,40.95,10196.0,0.0
2022-10-11,44.45,45.32,44.45,45.32,41.74,11056.0,0.0
2022-10-12,44.79,45.03,44.53,44.73,41.2,23607.0,0.0
2022-10-13,44.66,44.72,43.95,44.21,40.72,32631.0,0.0
2022-10-14,44.76,45.33,44.58,44.81,41.28,28768.0,0.0
2022-10-17,44.94,45.21,44.71,44.71,41.18,18730.0,0.0
2022-10-18,44.74,44.94,44.5,44.69,41.17,16596.0,0.0
2022-10-19,44.69,45.04,44.65,44.82,41.28,6629.0,0.0
2022-10-20,44.76,44.9,44.53,44.69,41.17,7609.0,0.0
2022-10-21,44.53,45.37,44.53,45.03,41.48,22773.0,0.0
2022-10-24,45.4,45.42,44.7,44.7,41.17,26452.0,0.0
2022-10-25,45.06,45.43,44.68,45.04,41.49,21502.0,0.0
2022-10-26,44.95,44.95,44.08,44.53,41.01,20766.0,0.0
2022-10-27,44.9,44.9,44.35,44.76,41.22,12817.0,0.0
2022-10-28,44.72,45.76,44.72,45.76,42.15,21609.0,0.0
2022-10-31,45.88,46.4,45.51,46.09,42.45,19078.0,0.0
2022-11-01,46.26,46.44,45.77,46.1,42.46,15743.0,0.0
2022-11-02,46.11,46.35,45.67,45.9,42.28,15489.0,0.0
2022-11-03,45.74,46.02,45.56,45.81,42.19,15201.0,0.0
2022-11-04,45.7,46.33,45.62,46.3,42.65,14214.0,0.0
2022-11-07,46.12,46.44,45.99,46.11,42.47,8839.0,0.0
2022-11-08,46.0,46.53,45.98,46.49,42.83,12090.0,0.0
2022-11-09,46.4,46.4,45.92,46.35,42.7,50953.0,0.0
2022-11-10,46.37,46.76,46.34,46.44,42.78,17660.0,0.0
2022-11-11,46.06,46.26,44.63,44.92,41.38,36432.0,0.0
2022-11-14,45.33,46.04,45.3,45.88,42.26,23044.0,0.0
2022-11-15,46.15,46.82,46.14,46.36,42.7,25387.0,0.0
2022-11-16,46.33,46.65,46.27,46.65,42.96,25886.0,0.0
2022-11-17,46.3,46.53,45.92,46.53,43.2,12428.0,0.42754614
2022-11-18,46.54,46.7,46.35,46.35,43.03,16342.0,0.0
2022-11-21,46.72,47.38,46.5,47.25,43.87,11255.0,0.0
2022-11-22,47.44,47.8,47.26,47.8,44.38,29584.0,0.0
2022-11-23,47.48,48.0,47.48,47.74,44.33,13722.0,0.0
2022-11-24,47.74,48.08,47.4,48.08,44.64,15398.0,0.0
2022-11-25,47.98,48.03,47.69,47.97,44.53,12707.0,0.0
2022-11-28,47.88,48.19,47.52,48.1,44.66,26845.0,0.0
2022-11-29,48.1,48.21,47.6,47.6,44.2,11959.0,0.0
2022-11-30,47.93,48.27,47.87,48.19,44.74,17744.0,0.0
2022-12-01,48.26,48.7,48.19,48.7,45.22,39180.0,0.0
2022-12-02,48.53,48.72,48.26,48.6,45.13,21725.0,0.0
2022-12-05,48.58,48.63,47.97,48.63,45.15,20133.0,0.0
2022-12-06,48.72,48.95,48.59,48.83,45.33,65635.0,0.0
2022-12-07,48.92,49.06,48.31,48.5,45.03,35623.0,0.0
2022-12-08,47.99,48.88,47.99,48.16,44.72,17621.0,0.0
2022-12-09,48.13,48.33,47.95,48.01,44.58,12532.0,0.0
2022-12-12,48.0,48.26,47.85,48.15,44.71,9389.0,0.0
2022-12-13,47.88,48.14,47.62,47.74,44.33,21763.0,0.0
2022-12-14,47.56,48.5,47.54,48.5,45.03,9265.0,0.0
2022-12-15,48.31,48.31,47.4,47.43,44.04,19835.0,0.0
2022-12-16,47.42,47.6,47.2,47.51,44.11,15496.0,0.0
2022-12-19,47.56,47.83,47.5,47.73,44.32,15356.0,0.0
2022-12-20,47.69,47.82,47.39,47.55,44.15,15825.0,0.0
2022-12-21,47.67,48.1,47.46,47.99,44.55,17005.0,0.0
2022-12-22,48.21,48.38,47.74,48.12,44.67,25816.0,0.0
2022-12-23,48.0,48.06,47.75,47.88,44.45,12690.0,0.0
2022-12-27,47.96,47.99,47.53,47.78,44.36,6419.0,0.0
2022-12-28,47.8,47.87,47.49,47.49,44.09,6941.0,0.0
2022-12-29,47.35,47.62,47.19,47.5,44.1,7043.0,0.0
2022-12-30,47.39,47.39,47.03,47.1,43.74,2742.0,0.0
2023-01-02,47.14,47.49,47.14,47.49,44.1,15877.0,0.0
2023-01-03,47.03,47.72,46.93,47.49,44.09,18886.0,0.0
2023-01-04,47.76,48.22,47.76,47.99,44.55,10918.0,0.0
2023-01-05,47.44,47.76,47.38,47.56,44.16,8480.0,0.0
2023-01-06,47.56,47.69,47.48,47.54,44.14,6991.0,0.0
2023-01-09,47.6,47.76,47.28,47.76,44.35,12813.0,0.0
2023-01-10,47.54,47.65,47.31,47.49,44.09,19336.0,0.0
2023-01-11,47.58,47.63,47.16,47.29,43.91,24340.0,0.0
2023-01-12,47.47,47.54,46.92,47.18,43.81,26238.0,0.0
2023-01-13,47.24,47.7,47.24,47.35,43.96,24198.0,0.0
2023-01-16,47.72,47.76,47.47,47.5,44.1,11816.0,0.0
2023-01-17,47.19,47.35,46.98,47.29,43.91,20573.0,0.0
2023-01-18,47.26,47.35,46.69,46.69,43.36,16381.0,0.0
2023-01-19,46.9,47.08,46.36,46.59,43.26,17609.0,0.0
2023-01-20,46.24,46.73,46.24,46.73,43.39,20159.0,0.0
2023-01-23,46.88,46.9,46.56,46.71,43.37,15236.0,0.0
2023-01-24,46.81,46.81,46.37,46.47,43.14,14450.0,0.0
2023-01-25,46.53,46.53,45.9,45.9,42.62,11094.0,0.0
2023-01-26,46.44,46.44,45.74,45.85,42.58,10036.0,0.0
2023-01-30,46.04,46.42,45.96,46.42,43.1,12095.0,0.0
2023-01-31,46.42,46.75,46.25,46.65,43.31,9844.0,0.0
2023-02-01,46.72,46.78,46.39,46.42,43.1,20901.0,0.0
2023-02-02,46.46,46.57,45.75,45.96,42.67,17119.0,0.0
2023-02-03,45.94,46.65,45.88,46.65,43.31,19675.0,0.0
2023-02-06,46.49,46.74,46.4,46.52,43.19,9706.0,0.0
2023-02-07,46.46,46.47,45.96,45.96,42.67,12853.0,0.0
2023-02-08,46.33,46.37,46.08,46.26,42.95,7990.0,0.0
2023-02-09,46.71,46.82,46.24,46.28,42.98,17605.0,0.0
2023-02-10,46.63,46.92,46.44,46.92,43.56,14715.0,0.0
2023-02-13,46.7,48.3,46.7,48.3,44.85,22643.0,0.0
2023-02-14,48.41,48.79,48.35,48.55,45.08,16662.0,0.0
2023-02-15,48.04,48.19,47.83,48.19,44.75,30762.0,0.0
2023-02-16,48.11,48.19,47.4,47.78,44.36,9014.0,0.0
2023-02-17,47.35,47.88,47.35,47.51,44.11,20504.0,0.0
2023-02-20,47.63,47.63,47.33,47.4,44.01,22922.0,0.0
2023-02-21,47.47,48.21,47.42,47.93,44.5,17602.0,0.0
2023-02-22,48.23,48.53,48.0,48.3,44.85,27497.0,0.0
2023-02-23,47.97,48.05,47.47,47.47,44.43,14692.0,0.43788442
2023-02-24,47.72,47.76,47.3,47.3,44.27,15702.0,0.0
2023-02-27,47.74,47.84,47.56,47.81,44.75,12910.0,0.0
2023-02-28,47.47,47.47,46.99,47.18,44.15,5511.0,0.0
2023-03-01,46.85,47.02,46.5,46.65,43.66,18915.0,0.0
2023-03-02,46.57,47.4,46.57,47.4,44.36,6964.0,0.0
2023-03-03,47.21,47.26,46.76,46.76,43.77,9518.0,0.0
2023-03-06,46.74,46.8,46.2,46.2,43.24,67464.0,0.0
2023-03-07,46.26,46.44,46.16,46.43,43.45,33132.0,0.0
2023-03-08,46.15,46.31,45.97,46.12,43.16,8451.0,0.0
2023-03-09,46.19,46.54,46.1,46.38,43.41,9209.0,0.0
2023-03-10,46.44,46.62,45.83,46.37,43.39,13619.0,0.0
2023-03-13,46.01,46.48,45.57,46.06,43.11,31069.0,0.0
2023-03-14,46.1,46.35,45.74,46.35,43.38,16803.0,0.0
2023-03-15,46.19,46.35,45.78,46.09,43.13,13930.0,0.0
2023-03-16,46.59,47.03,46.4,46.83,43.83,14015.0,0.0
2023-03-17,46.67,46.7,46.07,46.21,43.25,13997.0,0.0
2023-03-20,46.32,46.78,46.21,46.53,43.55,14065.0,0.0
2023-03-21,46.58,47.17,46.58,46.94,43.93,7400.0,0.0
2023-03-22,46.97,47.79,46.97,47.79,44.73,16905.0,0.0
2023-03-23,47.21,47.35,47.01,47.35,44.31,11992.0,0.0
2023-03-24,47.11,47.83,47.11,47.72,44.66,21519.0,0.0
2023-03-27,47.92,48.3,47.87,48.03,44.95,23295.0,0.0
2023-03-28,48.01,48.35,47.81,48.04,44.96,12014.0,0.0
2023-03-29,47.89,48.13,47.79,48.01,44.94,9860.0,0.0
2023-03-30,47.6,47.75,47.4,47.72,44.66,9616.0,0.0
2023-03-31,47.53,48.2,47.53,47.6,44.55,7738.0,0.0
2023-04-03,47.58,48.31,47.57,48.16,45.07,236859.0,0.0
2023-04-04,48.38,48.6,48.2,48.4,45.3,12561.0,0.0
2023-04-05,48.26,48.97,48.15,48.97,45.83,11154.0,0.0
2023-04-06,48.84,49.35,48.83,48.92,45.79,13031.0,0.0
2023-04-11,49.1,49.1,48.78,49.0,45.86,19484.0,0.0
2023-04-12,48.96,49.03,48.69,48.85,45.71,14764.0,0.0
2023-04-13,48.92,49.03,48.69,49.03,45.89,11889.0,0.0
2023-04-14,48.98,48.98,48.59,48.71,45.58,6305.0,0.0
2023-04-17,48.78,49.38,48.75,49.26,46.1,18310.0,0.0
2023-04-18,49.04,49.23,48.88,49.23,46.07,9840.0,0.0
2023-04-19,49.33,49.5,49.21,49.41,46.24,6153.0,0.0
2023-04-20,49.31,49.51,49.07,49.37,46.2,21168.0,0.0
2023-04-21,49.58,49.89,49.5,49.7,46.51,13677.0,0.0
2023-04-24,49.62,49.7,49.45,49.47,46.29,9574.0,0.0
2023-04-25,49.53,49.9,49.39,49.76,46.57,9976.0,0.0
2023-04-26,49.75,49.88,49.2,49.2,46.04,9822.0,0.0
2023-04-27,50.2,50.42,49.92,50.29,47.07,48832.0,0.0
2023-04-28,50.34,50.93,50.25,50.65,47.4,24527.0,0.0
2023-05-02,50.4,50.58,50.18,50.4,47.17,15206.0,0.0
2023-05-03,50.63,50.78,50.31,50.4,47.17,13140.0,0.0
2023-05-04,50.08,50.45,50.0,50.13,46.92,11834.0,0.0
2023-05-05,50.53,50.54,50.1,50.23,47.01,16217.0,0.0
2023-05-08,50.28,50.48,50.15,50.2,46.98,13943.0,0.0
2023-05-09,50.41,50.53,50.05,50.32,47.09,9054.0,0.0
2023-05-10,49.99,50.0,49.1,49.47,46.3,13424.0,0.0
2023-05-11,49.74,50.0,49.65,49.91,46.71,7309.0,0.0
2023-05-12,49.92,50.09,49.58,49.95,46.75,16492.0,0.0
2023-05-15,50.2,50.23,49.77,49.95,46.75,18363.0,0.0
2023-05-16,49.83,50.17,49.77,49.83,46.64,31095.0,0.0
2023-05-17,49.74,50.11,49.49,49.49,46.31,31567.0,0.0
2023-05-18,49.37,49.46,48.93,48.93,46.14,2136.0,0.43455324
2023-05-19,49.19,49.44,49.01,49.01,46.21,27056.0,0.0
2023-05-22,49.24,49.35,48.56,48.78,46.0,16973.0,0.0
2023-05-23,48.53,48.72,48.35,48.49,45.73,19317.0,0.0
2023-05-24,48.38,48.38,47.58,47.94,45.21,24262.0,0.0
2023-05-25,47.97,48.0,47.6,47.99,45.25,17442.0,0.0
2023-05-26,47.85,48.12,47.69,47.8,45.08,9288.0,0.0
2023-05-29,47.8,47.9,47.71,47.9,45.18,4450.0,0.0
2023-05-30,47.99,47.99,46.65,46.75,44.09,13411.0,0.0
2023-05-31,46.72,47.27,46.43,46.85,44.19,19194.0,0.0
2023-06-01,47.21,47.21,46.87,46.99,44.31,16566.0,0.0
2023-06-02,46.93,47.25,46.79,47.25,44.56,22325.0,0.0
2023-06-05,47.22,47.54,47.03,47.35,44.65,12068.0,0.0
2023-06-06,47.06,47.19,46.9,47.07,44.39,12602.0,0.0
2023-06-07,46.85,47.29,46.7,46.7,44.04,7512.0,0.0
2023-06-08,46.69,46.77,46.46,46.46,43.81,8801.0,0.0
2023-06-09,46.67,46.67,46.04,46.39,43.75,17866.0,0.0
2023-06-12,46.81,46.81,46.44,46.44,43.79,13737.0,0.0
2023-06-13,46.47,46.51,45.88,46.43,43.78,19342.0,0.0
2023-06-14,46.42,46.56,46.24,46.44,43.79,13915.0,0.0
2023-06-15,46.63,47.09,46.6,46.73,44.07,23761.0,0.0
2023-06-16,47.07,47.63,46.99,47.42,44.71,19181.0,0.0
2023-06-19,47.65,47.71,47.17,47.35,44.66,11629.0,0.0
2023-06-20,47.1,47.6,47.1,47.4,44.7,8593.0,0.0
2023-06-21,47.2,47.38,47.11,47.23,44.54,11486.0,0.0
2023-06-22,46.97,47.14,46.7,46.96,44.28,19726.0,0.0
2023-06-23,47.49,47.72,47.4,47.72,45.0,12172.0,0.0
2023-06-26,47.45,47.63,47.2,47.35,44.66,12048.0,0.0
2023-06-27,47.28,47.42,47.15,47.39,44.69,16388.0,0.0
2023-06-28,47.42,47.55,47.17,47.31,44.62,9427.0,0.0
2023-06-29,47.4,47.46,47.29,47.4,44.7,11216.0,0.0
2023-06-30,47.4,47.87,47.4,47.53,44.82,10047.0,0.0
2023-07-03,47.67,48.12,47.66,47.99,45.26,15232.0,0.0
2023-07-04,47.97,48.18,47.71,48.18,45.44,10686.0,0.0
2023-07-05,47.76,47.85,47.52,47.52,44.81,15374.0,0.0
2023-07-06,47.5,47.5,47.08,47.32,44.62,10816.0,0.0
2023-07-07,46.9,47.1,46.69,46.9,44.22,16844.0,0.0
2023-07-10,46.75,46.79,46.49,46.6,43.95,21424.0,0.0
2023-07-11,46.54,46.76,46.38,46.4,43.76,12441.0,0.0
2023-07-12,46.49,46.88,46.44,46.53,43.88,13012.0,0.0
2023-07-13,46.56,46.61,46.41,46.41,43.77,13021.0,0.0
2023-07-14,46.56,46.76,46.5,46.74,44.07,6806.0,0.0
2023-07-17,46.66,46.93,46.65,46.65,43.99,13869.0,0.0
2023-07-18,46.53,46.79,46.53,46.7,44.04,11584.0,0.0
2023-07-19,46.99,47.33,46.87,46.87,44.2,8648.0,0.0
2023-07-20,46.78,47.04,46.26,46.85,44.18,7274.0,0.0
2023-07-21,47.22,47.25,46.83,47.01,44.33,18602.0,0.0
2023-07-24,47.03,47.25,46.16,46.69,44.03,20897.0,0.0
2023-07-25,48.92,49.22,48.5,48.85,46.06,48438.0,0.0
2023-07-26,48.68,49.02,48.49,49.02,46.23,17424.0,0.0
2023-07-27,49.22,49.22,48.8,48.81,46.02,17101.0,0.0
2023-07-28,48.82,49.51,48.82,49.0,46.21,8716.0,0.0
2023-07-31,49.06,49.3,48.75,48.75,45.97,11855.0,0.0
2023-08-01,49.08,49.08,48.76,48.78,46.0,10614.0,0.0
2023-08-02,48.65,48.75,48.41,48.41,45.65,22819.0,0.0
2023-08-03,48.03,48.08,47.45,47.45,45.09,18038.0,0.425019
2023-08-04,47.65,47.76,47.27,47.47,45.11,10318.0,0.0
2023-08-07,47.4,47.53,47.1,47.53,45.16,15909.0,0.0
2023-08-08,47.56,47.68,47.28,47.44,45.08,18748.0,0.0
2023-08-09,47.66,47.69,47.46,47.69,45.31,7890.0,0.0
2023-08-10,47.72,47.96,47.63,47.96,45.58,9828.0,0.0
2023-08-11,47.65,47.72,47.1,47.1,44.76,9508.0,0.0
2023-08-14,47.6,47.69,47.23,47.69,45.32,6260.0,0.0
2023-08-15,47.45,47.45,46.85,47.2,44.85,5049.0,0.0
2023-08-16,47.26,47.33,47.07,47.33,44.97,14084.0,0.0
2023-08-17,47.15,47.24,46.9,46.9,44.57,8781.0,0.0
2023-08-18,46.67,46.73,46.38,46.44,44.13,10636.0,0.0
2023-08-21,46.61,46.9,46.33,46.44,44.13,15068.0,0.0
2023-08-22,46.31,46.63,46.21,46.33,44.02,13201.0,0.0
2023-08-23,46.63,47.0,46.6,46.6,44.29,10842.0,0.0
2023-08-24,47.13,47.22,46.76,46.88,44.55,3863.0,0.0
2023-08-25,47.05,47.38,46.94,47.22,44.87,3406.0,0.0
2023-08-28,47.15,47.31,47.08,47.17,44.82,6195.0,0.0
2023-08-29,47.29,47.53,47.06,47.06,44.72,8348.0,0.0
2023-08-30,47.28,47.41,47.1,47.26,44.92,4250.0,0.0
2023-08-31,47.31,47.68,47.03,47.03,44.7,11147.0,0.0
2023-09-01,46.98,47.26,46.92,46.98,44.64,6851.0,0.0
2023-09-04,47.15,47.41,47.1,47.14,44.8,5009.0,0.0
2023-09-05,46.81,47.08,46.62,46.62,44.3,6675.0,0.0
2023-09-06,46.53,46.53,46.03,46.43,44.12,16773.0,0.0
2023-09-07,46.37,46.96,46.21,46.84,44.51,8873.0,0.0
2023-09-08,46.83,47.13,46.71,47.05,44.71,9153.0,0.0
2023-09-11,47.19,47.38,46.97,47.31,44.96,4759.0,0.0
2023-09-12,47.3,47.47,46.96,46.96,44.63,9004.0,0.0
2023-09-13,46.74,47.15,46.51,47.15,44.8,24360.0,0.0
2023-09-14,46.83,47.37,46.72,47.3,44.95,19632.0,0.0
2023-09-15,47.56,48.1,47.44,47.44,45.08,16574.0,0.0
2023-09-18,47.44,47.92,47.35,47.35,45.0,16935.0,0.0
2023-09-19,47.49,47.51,47.06,47.06,44.72,10471.0,0.0
2023-09-20,47.45,47.8,47.44,47.56,45.2,42042.0,0.0
2023-09-21,47.56,47.97,47.47,47.49,45.13,7523.0,0.0
2023-09-22,47.33,47.69,47.28,47.28,44.93,7564.0,0.0
2023-09-25,47.31,47.4,46.87,46.87,44.54,8005.0,0.0
2023-09-26,47.01,47.24,46.6,46.6,44.28,8412.0,0.0
2023-09-27,46.69,46.96,46.4,46.4,44.09,11364.0,0.0
2023-09-28,46.49,46.65,46.11,46.42,44.12,9819.0,0.0
2023-09-29,46.79,47.3,46.79,47.06,44.72,11639.0,0.0
2023-10-02,46.81,47.01,46.42,46.6,44.29,14293.0,0.0
2023-10-03,46.63,47.02,46.6,46.88,44.55,11122.0,0.0
2023-10-04,46.6,46.77,46.13,46.13,43.84,23631.0,0.0
2023-10-05,46.49,46.88,46.42,46.42,44.11,6981.0,0.0
2023-10-06,46.1,46.1,44.96,45.22,42.97,36663.0,0.0
2023-10-09,45.32,45.68,45.21,45.34,43.09,21561.0,0.0
2023-10-10,45.53,45.94,45.31,45.88,43.59,11996.0,0.0
2023-10-11,45.35,45.91,45.22,45.5,43.24,14105.0,0.0
2023-10-12,45.58,45.92,45.25,45.25,43.0,6010.0,0.0
2023-10-13,45.41,45.72,45.35,45.4,43.14,5381.0,0.0
2023-10-17,45.6,46.02,45.5,45.89,43.61,13052.0,0.0
2023-10-18,45.76,46.12,45.69,46.12,43.82,27285.0,0.0
2023-10-19,45.5,46.0,45.5,45.84,43.56,15991.0,0.0
2023-10-20,45.6,46.03,45.6,45.63,43.36,9857.0,0.0
2023-10-23,45.72,45.9,45.63,45.79,43.52,10451.0,0.0
2023-10-24,45.74,45.83,45.49,45.83,43.56,7763.0,0.0
2023-10-25,45.88,46.15,45.68,46.14,43.85,11027.0,0.0
2023-10-26,44.65,45.44,44.48,44.66,42.44,39955.0,0.0
2023-10-27,44.39,44.54,43.68,43.68,41.51,14682.0,0.0
2023-10-30,44.06,44.41,44.06,44.41,42.2,10602.0,0.0
2023-10-31,44.37,44.83,44.31,44.83,42.6,9606.0,0.0
2023-11-01,44.88,45.15,44.53,44.53,42.31,11308.0,0.0
2023-11-02,44.78,44.92,44.48,44.92,42.69,24636.0,0.0
2023-11-03,44.65,44.66,44.31,44.31,42.11,12829.0,0.0
2023-11-06,44.53,44.6,44.43,44.56,42.34,9812.0,0.0
2023-11-07,44.65,44.85,44.59,44.6,42.39,18700.0,0.0
2023-11-08,44.72,44.92,44.71,44.88,42.64,6405.0,0.0
2023-11-09,44.98,45.79,44.79,45.79,43.52,24760.0,0.0
2023-11-10,45.47,45.49,44.92,45.28,43.03,9974.0,0.0
2023-11-13,45.13,45.42,45.08,45.42,43.16,10373.0,0.0
2023-11-14,45.23,45.28,44.85,44.95,42.72,11713.0,0.0
2023-11-15,45.24,45.24,44.55,44.7,42.48,23915.0,0.0
2023-11-16,44.27,44.28,43.82,43.82,41.99,20731.0,0.42674205
2023-11-17,43.88,43.92,43.49,43.72,41.89,38181.0,0.0
2023-11-20,43.47,43.63,43.13,43.24,41.44,15597.0,0.0
2023-11-21,43.06,43.72,42.99,43.72,41.89,86001.0,0.0
2023-11-22,43.71,43.92,43.58,43.6,41.78,14036.0,0.0
2023-11-23,43.83,43.9,43.51,43.9,42.07,6586.0,0.0
2023-11-24,43.49,44.0,43.45,43.92,42.09,89493.0,0.0
2023-11-27,43.64,43.99,43.6,43.99,42.15,4011.0,0.0
2023-11-28,43.51,43.92,43.4,43.82,41.99,8317.0,0.0
2023-11-29,43.44,43.58,43.35,43.56,41.74,19772.0,0.0
2023-11-30,43.44,43.84,43.19,43.84,42.01,9985.0,0.0
2023-12-01,43.84,44.15,43.78,43.93,42.1,9101.0,0.0
2023-12-04,44.1,44.58,44.1,44.4,42.54,18349.0,0.0
2023-12-05,44.49,45.46,44.28,45.46,43.56,6239.0,0.0
2023-12-06,44.23,44.62,44.1,44.26,42.42,18339.0,0.0
2023-12-07,44.33,44.63,44.2,44.2,42.36,13628.0,0.0
2023-12-08,44.38,44.45,44.0,44.07,42.23,7086.0,0.0
2023-12-11,43.87,44.26,43.64,44.26,42.42,19803.0,0.0
2023-12-12,44.01,44.13,43.92,44.09,42.25,20613.0,0.0
2023-12-13,44.04,44.31,43.99,43.99,42.16,33366.0,0.0
2023-12-14,44.26,44.44,43.48,43.51,41.69,45169.0,0.0
2023-12-15,43.75,43.83,43.6,43.6,41.78,12663.0,0.0
2023-12-18,43.61,43.69,43.33,43.69,41.87,15364.0,0.0
2023-12-19,43.71,43.84,43.63,43.84,42.01,10917.0,0.0
2023-12-20,43.78,43.96,43.71,43.92,42.09,44212.0,0.0
2023-12-21,43.88,43.89,43.51,43.6,41.78,116939.0,0.0
2023-12-22,43.52,43.85,43.52,43.85,42.02,12263.0,0.0
2023-12-27,43.59,43.71,43.49,43.53,41.71,15576.0,0.0
2023-12-28,43.74,43.92,43.65,43.81,41.98,15533.0,0.0
2023-12-29,43.97,44.0,43.7,43.82,41.99,5328.0,0.0
2024-01-02,44.13,44.15,43.78,43.9,42.07,13662.0,0.0
2024-01-03,44.6,45.42,44.47,44.47,42.62,24962.0,0.0
2024-01-04,44.63,44.63,44.4,44.4,42.55,4641.0,0.0
2024-01-05,44.65,44.71,44.4,44.45,42.59,5786.0,0.0
2024-01-08,44.62,44.72,44.4,44.72,42.85,8591.0,0.0
2024-01-09,44.72,45.1,44.72,44.85,42.98,7360.0,0.0
2024-01-10,44.99,45.03,44.6,44.6,42.74,12256.0,0.0
2024-01-11,44.74,44.78,44.27,44.29,42.45,13093.0,0.0
2024-01-12,44.83,45.08,44.71,44.98,43.1,21190.0,0.0
2024-01-15,44.89,44.89,44.31,44.42,42.57,55101.0,0.0
2024-01-16,44.24,44.63,44.24,44.51,42.65,20558.0,0.0
2024-01-17,44.0,44.15,43.78,44.15,42.31,34915.0,0.0
2024-01-18,43.76,43.77,43.35,43.43,41.62,13027.0,0.0
2024-01-19,43.47,43.73,43.0,43.33,41.52,32811.0,0.0
2024-01-22,43.38,43.38,42.98,43.27,41.46,14265.0,0.0
2024-01-23,43.23,43.88,43.14,43.77,41.94,112197.0,0.0
2024-01-24,43.72,43.72,43.38,43.38,41.57,7859.0,0.0
2024-01-25,43.24,43.72,43.24,43.46,41.64,13236.0,0.0
2024-01-26,44.33,44.74,44.3,44.58,42.72,32164.0,0.0
2024-01-29,44.62,44.96,44.62,44.86,42.99,13790.0,0.0
2024-01-30,45.04,45.35,45.04,45.17,43.29,15035.0,0.0
2024-01-31,45.33,45.61,45.2,45.31,43.42,10982.0,0.0
2024-02-01,45.37,45.5,44.88,45.01,43.14,17283.0,0.0
2024-02-02,45.7,45.7,45.2,45.5,43.6,23047.0,0.0
2024-02-05,45.35,45.86,45.35,45.85,43.94,15862.0,0.0
2024-02-06,46.01,46.49,45.88,46.4,44.47,20897.0,0.0
2024-02-07,46.39,46.39,45.72,45.72,43.82,13928.0,0.0
2024-02-08,47.37,47.54,46.87,47.23,45.26,54204.0,0.0
2024-02-09,46.9,47.15,46.74,46.85,44.89,23129.0,0.0
2024-02-12,46.95,46.95,46.65,46.7,44.75,10071.0,0.0
2024-02-13,46.97,47.15,46.72,46.92,44.97,24052.0,0.0
2024-02-14,47.01,47.17,46.63,46.71,44.76,16673.0,0.0
2024-02-15,46.63,46.72,46.33,46.64,44.69,16208.0,0.0
2024-02-16,46.76,47.21,46.65,47.2,45.23,15509.0,0.0
2024-02-19,47.06,47.44,47.0,47.2,45.23,15024.0,0.0
2024-02-20,47.28,47.53,47.0,47.0,45.04,16949.0,0.0
2024-02-21,47.55,47.63,47.21,47.21,45.24,28088.0,0.0
2024-02-22,46.67,46.88,46.52,46.52,44.93,36660.0,0.4189309
2024-02-23,46.97,47.01,46.71,46.83,45.23,13125.0,0.0
2024-02-26,46.72,46.8,46.56,46.6,45.0,5216.0,0.0
2024-02-27,46.22,46.24,45.61,45.92,44.35,33357.0,0.0
2024-02-28,45.42,45.54,45.1,45.4,43.84,19254.0,0.0
2024-02-29,45.33,45.44,45.15,45.15,43.6,13592.0,0.0
2024-03-01,45.33,45.58,45.1,45.33,43.77,19561.0,0.0
2024-03-04,45.29,45.33,45.09,45.1,43.55,12163.0,0.0
2024-03-05,45.13,45.43,45.11,45.43,43.87,11818.0,0.0
2024-03-06,45.24,45.31,44.88,45.11,43.56,11903.0,0.0
2024-03-07,45.03,45.06,44.83,44.94,43.4,15913.0,0.0
2024-03-08,44.78,45.14,44.76,45.14,43.59,16749.0,0.0
2024-03-11,45.09,45.3,45.0,45.3,43.75,23765.0,0.0
2024-03-12,45.5,45.56,45.19,45.19,43.65,15137.0,0.0
2024-03-13,45.51,45.78,45.43,45.78,44.21,12611.0,0.0
2024-03-14,45.71,45.76,45.25,45.25,43.7,9332.0,0.0
2024-03-15,45.35,45.51,44.95,44.95,43.41,16353.0,0.0
2024-03-18,45.01,45.05,44.63,44.72,43.19,15177.0,0.0
2024-03-19,47.16,47.21,45.91,45.91,44.34,53453.0,0.0
2024-03-20,45.67,45.83,45.4,45.4,43.85,49739.0,0.0
2024-03-21,45.6,45.78,45.32,45.71,44.14,21767.0,0.0
2024-03-22,45.81,46.56,45.81,46.19,44.61,14053.0,0.0
2024-03-25,46.42,46.51,46.08,46.08,44.5,21975.0,0.0
2024-03-26,45.94,46.31,45.94,46.3,44.71,9495.0,0.0
2024-03-27,46.0,46.4,45.94,46.33,44.74,14698.0,0.0
2024-03-28,46.42,46.6,46.33,46.6,45.01,5359.0,0.0
2024-04-02,46.5,46.54,45.94,45.99,44.41,24538.0,0.0
2024-04-03,45.67,45.89,45.36,45.41,43.85,21776.0,0.0
2024-04-04,45.25,45.43,45.02,45.02,43.48,22835.0,0.0
2024-04-05,45.02,45.11,44.73,44.87,43.33,15049.0,0.0
2024-04-08,44.76,44.76,44.53,44.65,43.12,12556.0,0.0
2024-04-09,44.45,44.84,44.29,44.77,43.24,13037.0,0.0
2024-04-10,44.74,44.9,44.52,44.52,42.99,11098.0,0.0
2024-04-11,44.69,44.92,44.54,44.68,43.15,18573.0,0.0
2024-04-12,44.86,44.92,44.45,44.53,43.0,19233.0,0.0
2024-04-15,44.31,44.36,44.11,44.3,42.78,24441.0,0.0
2024-04-16,44.12,44.2,43.9,43.98,42.47,22915.0,0.0
2024-04-17,44.13,44.28,43.85,43.91,42.4,21929.0,0.0
2024-04-18,43.91,44.36,43.91,44.23,42.71,26587.0,0.0
2024-04-19,44.12,44.83,44.12,44.5,42.97,39358.0,0.0
2024-04-22,44.94,45.16,44.83,45.14,43.59,15319.0,0.0
2024-04-23,45.3,45.3,44.78,45.0,43.46,9502.0,0.0
2024-04-24,45.05,45.26,44.89,45.04,43.5,20961.0,0.0
2024-04-25,46.79,47.81,46.77,47.67,46.04,110575.0,0.0
2024-04-26,47.98,48.27,47.78,47.93,46.29,25192.0,0.0
2024-04-29,48.12,48.44,48.03,48.03,46.38,40807.0,0.0
2024-04-30,48.14,48.6,48.05,48.6,46.93,29058.0,0.0
2024-05-02,48.5,48.9,48.38,48.9,47.22,18381.0,0.0
2024-05-03,48.81,48.86,48.61,48.68,47.01,16782.0,0.0
2024-05-06,48.54,48.75,48.26,48.38,46.72,19059.0,0.0
2024-05-07,48.88,49.14,48.7,49.08,47.4,33971.0,0.0
2024-05-08,49.25,49.37,49.08,49.17,47.48,9269.0,0.0
2024-05-09,49.24,49.5,49.17,49.49,47.79,13276.0,0.0
2024-05-10,49.64,49.86,49.56,49.78,48.07,17863.0,0.0
2024-05-13,49.84,50.34,49.84,50.2,48.48,20964.0,0.0
2024-05-14,50.24,50.24,49.89,49.95,48.24,16579.0,0.0
2024-05-15,49.87,50.18,49.77,50.1,48.38,13593.0,0.0
2024-05-16,49.67,49.8,49.61,49.77,48.42,13056.0,0.42203236
2024-05-17,50.06,50.48,50.06,50.26,48.9,31484.0,0.0
2024-05-20,50.34,50.34,50.04,50.1,48.74,3471.0,0.0
2024-05-21,49.95,50.22,49.72,49.87,48.52,18009.0,0.0
2024-05-22,50.02,50.12,49.83,50.12,48.76,10359.0,0.0
2024-05-23,51.1,51.1,50.48,50.62,49.25,25390.0,0.0
2024-05-24,50.12,50.68,50.12,50.4,49.03,5392.0,0.0
2024-05-27,50.24,50.46,50.0,50.0,48.64,16678.0,0.0
2024-05-28,50.24,50.36,49.88,50.02,48.66,12523.0,0.0
2024-05-29,49.83,49.92,49.63,49.69,48.34,11595.0,0.0
2024-05-30,49.69,50.2,49.69,50.02,48.66,8683.0,0.0
2024-05-31,49.95,50.22,49.9,50.14,48.78,8720.0,0.0
2024-06-03,50.66,50.88,50.44,50.6,49.23,30189.0,0.0
2024-06-04,51.0,51.52,50.74,51.0,49.62,16888.0,0.0
2024-06-05,51.68,51.68,51.28,51.28,49.89,12299.0,0.0
2024-06-06,51.34,51.68,51.16,51.5,50.1,25462.0,0.0
2024-06-07,51.82,51.86,51.6,51.78,50.37,9984.0,0.0
2024-06-10,51.4,51.9,51.4,51.88,50.47,53262.0,0.0
2024-06-11,51.86,51.88,51.42,51.44,50.04,7608.0,0.0
2024-06-12,51.9,52.46,51.8,51.84,50.43,49780.0,0.0
2024-06-13,52.0,52.3,51.84,52.16,50.74,38463.0,0.0
2024-06-14,52.44,52.76,52.44,52.48,51.06,73002.0,0.0
2024-06-17,52.76,52.76,52.18,52.44,51.02,41638.0,0.0
2024-06-18,52.44,52.88,52.36,52.88,51.44,48992.0,0.0
2024-06-19,52.26,52.56,52.2,52.56,51.13,28844.0,0.0
2024-06-20,52.38,52.42,52.16,52.38,50.96,13424.0,0.0
2024-06-21,52.28,52.6,52.24,52.38,50.96,21606.0,0.0
2024-06-24,52.3,52.5,52.18,52.5,51.07,14920.0,0.0
2024-06-25,52.46,52.72,52.38,52.38,50.96,16228.0,0.0
2024-06-26,52.56,52.56,52.02,52.38,50.96,13703.0,0.0
2024-06-27,52.22,52.44,51.7,51.7,50.3,19654.0,0.0
2024-06-28,51.98,51.98,51.1,51.1,49.71,6486.0,0.0
2024-07-01,51.22,51.8,51.0,51.42,50.02,16261.0,0.0
2024-07-02,50.64,51.0,50.4,51.0,49.62,10371.0,0.0
2024-07-03,51.16,51.16,50.78,50.98,49.6,11956.0,0.0
2024-07-04,51.06,51.48,50.96,51.48,50.08,4682.0,0.0
2024-07-05,51.28,51.34,50.98,50.98,49.6,5055.0,0.0
2024-07-08,51.36,51.7,51.3,51.32,49.93,14261.0,0.0
2024-07-09,51.76,52.1,51.62,51.64,50.24,17725.0,0.0
2024-07-10,51.76,52.4,51.76,52.4,50.98,20690.0,0.0
2024-07-11,52.38,52.56,52.32,52.48,51.06,21778.0,0.0
2024-07-12,52.54,52.88,52.48,52.88,51.44,10872.0,0.0
2024-07-15,52.74,53.22,52.46,52.46,51.04,36902.0,0.0
2024-07-16,52.18,52.74,52.1,52.62,51.19,13851.0,0.0
2024-07-17,52.52,53.12,52.48,52.82,51.39,21836.0,0.0
2024-07-18,53.7,53.84,53.5,53.52,52.07,36310.0,0.0
2024-07-19,53.38,53.7,53.26,53.36,51.91,17825.0,0.0
2024-07-22,53.62,53.74,53.28,53.28,51.83,5335.0,0.0
2024-07-23,53.28,53.44,52.86,52.92,51.48,14667.0,0.0
2024-07-24,52.32,52.64,52.0,52.4,50.98,20261.0,0.0
2024-07-25,55.2,55.9,54.84,55.16,53.66,60693.0,0.0
2024-07-26,55.0,56.1,55.0,56.1,54.58,12504.0,0.0
2024-07-29,56.2,56.62,55.98,55.98,54.46,15762.0,0.0
2024-07-30,56.24,56.4,55.96,55.96,54.44,11027.0,0.0
2024-07-31,56.44,56.76,56.38,56.48,54.95,14035.0,0.0
2024-08-01,56.5,56.9,56.34,56.62,55.08,22201.0,0.0
2024-08-02,56.82,57.38,56.48,56.86,55.32,30449.0,0.0
2024-08-05,57.28,57.42,54.96,55.3,53.8,39898.0,0.0
2024-08-06,55.24,55.74,54.94,55.64,54.13,15365.0,0.0
2024-08-07,55.94,56.52,55.68,56.44,54.91,8813.0,0.0
2024-08-08,55.54,56.04,55.24,56.04,54.88,11728.0,0.4245595
2024-08-09,55.54,55.8,55.24,55.24,54.09,10906.0,0.0
2024-08-12,55.1,55.32,54.96,55.22,54.08,11323.0,0.0
2024-08-13,55.44,55.44,55.1,55.34,54.19,4842.0,0.0
2024-08-14,55.44,55.64,54.62,55.26,54.11,19901.0,0.0
2024-08-15,55.5,55.98,55.5,55.82,54.66,11625.0,0.0
2024-08-16,55.7,55.7,55.34,55.36,54.21,14828.0,0.0
2024-08-19,55.3,55.74,55.1,55.74,54.58,7739.0,0.0
2024-08-20,55.42,55.78,55.06,55.38,54.23,13700.0,0.0
2024-08-21,55.22,55.52,55.18,55.52,54.37,6864.0,0.0
2024-08-22,56.48,56.7,56.28,56.54,55.37,8308.0,0.0
2024-08-23,56.28,56.78,56.28,56.78,55.6,14705.0,0.0
2024-08-26,56.58,57.0,56.58,57.0,55.82,13453.0,0.0
2024-08-27,57.1,57.5,57.1,57.22,56.03,12685.0,0.0
2024-08-28,57.5,57.78,57.4,57.74,56.54,15559.0,0.0
2024-08-29,57.82,58.38,57.8,58.2,56.99,10500.0,0.0
2024-08-30,58.68,58.74,58.16,58.22,57.01,34611.0,0.0
2024-09-02,58.28,58.74,58.28,58.74,57.52,11124.0,0.0
2024-09-03,58.52,58.78,58.36,58.78,57.56,18826.0,0.0
2024-09-04,58.74,58.92,58.6,58.64,57.42,18404.0,0.0
2024-09-05,58.82,59.32,58.68,59.18,57.95,8117.0,0.0
2024-09-06,58.9,59.16,58.64,59.1,57.87,5942.0,0.0
2024-09-09,59.14,59.66,58.94,59.66,58.42,17567.0,0.0
2024-09-10,59.44,59.64,59.02,59.02,57.8,12541.0,0.0
2024-09-11,59.34,59.36,58.66,58.84,57.62,7581.0,0.0
2024-09-12,59.0,59.0,58.32,58.34,57.13,84980.0,0.0
2024-09-13,58.6,58.76,58.52,58.58,57.37,22254.0,0.0
2024-09-16,58.58,58.96,58.58,58.96,57.74,25695.0,0.0
2024-09-17,59.34,59.34,58.26,58.28,57.07,15393.0,0.0
2024-09-18,58.44,58.64,57.9,57.92,56.72,15226.0,0.0
2024-09-19,58.04,58.32,57.7,57.86,56.66,19759.0,0.0
2024-09-20,57.78,58.04,57.52,57.86,56.66,5949.0,0.0
2024-09-23,57.7,58.58,57.7,58.58,57.37,8847.0,0.0
2024-09-24,58.12,58.34,57.84,58.28,57.07,7883.0,0.0
2024-09-25,57.94,58.7,57.94,58.7,57.48,7198.0,0.0
2024-09-26,59.0,59.0,57.68,58.28,57.07,12306.0,0.0
2024-09-27,58.54,58.9,58.44,58.72,57.5,11399.0,0.0
2024-09-30,58.62,58.72,58.2,58.2,56.99,9611.0,0.0
2024-10-01,58.34,58.5,58.12,58.34,57.13,126194.0,0.0
2024-10-02,58.74,58.74,58.0,58.14,56.93,10685.0,0.0
2024-10-03,58.02,58.16,57.08,57.12,55.94,7235.0,0.0
2024-10-04,57.02,57.18,56.7,57.18,55.99,16556.0,0.0
2024-10-07,57.2,57.22,56.84,56.86,55.68,13161.0,0.0
2024-10-08,56.7,57.12,56.68,57.06,55.88,31569.0,0.0
2024-10-09,57.42,57.54,57.18,57.38,56.19,8705.0,0.0
2024-10-10,57.4,57.5,57.0,57.16,55.97,12250.0,0.0
2024-10-11,57.06,57.5,57.02,57.34,56.15,8189.0,0.0
2024-10-14,57.38,57.68,57.38,57.68,56.48,4471.0,0.0
2024-10-15,58.12,58.64,57.98,58.44,57.23,63743.0,0.0
2024-10-16,58.46,58.5,57.92,58.04,56.84,19062.0,0.0
2024-10-17,57.88,58.6,57.58,58.08,56.88,8613.0,0.0
2024-10-18,57.96,58.04,57.14,58.04,56.84,18340.0,0.0
2024-10-21,57.86,58.04,57.54,57.64,56.44,8355.0,0.0
2024-10-22,57.36,57.42,56.92,57.36,56.17,3310.0,0.0
2024-10-23,57.02,57.26,55.74,56.0,54.84,20845.0,0.0
2024-10-24,57.38,58.1,57.34,57.34,56.15,17095.0,0.0
2024-10-25,57.32,57.38,56.9,57.12,55.94,11661.0,0.0
2024-10-28,57.32,57.74,57.3,57.54,56.35,13110.0,0.0
2024-10-29,58.0,58.0,57.54,57.56,56.37,8583.0,0.0
2024-10-30,57.34,57.34,56.86,56.9,55.72,18677.0,0.0
2024-10-31,56.3,56.54,55.94,56.42,55.25,7401.0,0.0
2024-11-04,56.44,56.78,56.32,56.32,55.15,5265.0,0.0
2024-11-05,56.5,56.56,56.16,56.42,55.25,8967.0,0.0
2024-11-06,56.84,56.84,55.1,55.14,54.0,6589.0,0.0
2024-11-07,55.02,55.24,54.64,54.64,53.86,14755.0,0.4207688
2024-11-08,54.64,54.8,54.28,54.8,54.02,6268.0,0.0
2024-11-11,54.86,55.04,54.6,54.6,53.83,12337.0,0.0
2024-11-12,54.3,54.3,54.06,54.18,53.41,8635.0,0.0
2024-11-13,54.06,54.24,53.74,54.16,53.39,23193.0,0.0
2024-11-14,54.08,54.52,53.9,54.34,53.57,26922.0,0.0
2024-11-15,54.28,54.42,53.88,54.42,53.65,23258.0,0.0
2024-11-18,54.26,54.8,54.12,54.8,54.02,18983.0,0.0
2024-11-19,54.5,54.7,54.2,54.48,53.71,18914.0,0.0
2024-11-20,54.6,54.6,54.38,54.52,53.75,12795.0,0.0
2024-11-21,54.54,54.68,54.22,54.46,53.69,12996.0,0.0
2024-11-22,54.74,56.52,54.72,56.42,55.62,7414.0,0.0
2024-11-26,56.18,56.4,55.96,56.16,55.36,7538.0,0.0
2024-11-27,56.54,56.76,56.38,56.6,55.8,5873.0,0.0
2024-11-29,56.72,56.82,56.46,56.52,55.72,3969.0,0.0
2024-12-02,57.0,57.34,56.86,56.94,56.13,12051.0,0.0
2024-12-03,57.04,57.08,56.56,56.68,55.88,6563.0,0.0
2024-12-04,56.42,56.42,55.86,56.34,55.54,5623.0,0.0
2024-12-05,56.4,56.58,56.2,56.28,55.48,10607.0,0.0
2024-12-06,56.36,56.38,55.8,55.8,55.01,4721.0,0.0
2024-12-09,55.58,55.72,55.16,55.72,54.93,8603.0,0.0
2024-12-11,55.66,56.34,55.66,56.14,55.34,8727.0,0.0
2024-12-12,55.58,56.2,55.3,56.16,55.36,19097.0,0.0
2024-12-13,56.02,56.22,55.9,56.14,55.34,15930.0,0.0
2024-12-16,56.06,56.46,55.92,56.32,55.52,12715.0,0.0
2024-12-17,56.3,56.58,55.9,56.5,55.7,6821.0,0.0
2024-12-18,56.16,56.32,55.8,55.82,55.03,14611.0,0.0
2024-12-19,55.6,55.88,55.18,55.26,54.48,4431.0,0.0
2024-12-20,55.1,55.16,54.6,54.96,54.18,9045.0,0.0
2024-12-23,54.36,55.06,54.26,54.76,53.98,15762.0,0.0
2024-12-27,54.74,55.2,54.68,55.12,54.34,6249.0,0.0
2024-12-30,55.04,55.12,54.98,55.0,54.22,1495.0,0.0
2025-01-02,54.92,55.4,54.7,55.22,54.44,8970.0,0.0
2025-01-03,55.32,55.52,54.86,54.86,54.08,4296.0,0.0
2025-01-06,54.26,54.32,53.3,53.46,52.7,13116.0,0.0
2025-01-07,53.44,54.28,53.32,54.14,53.37,9935.0,0.0
2025-01-08,54.14,54.48,53.7,54.48,53.71,2935.0,0.0
2025-01-09,54.68,54.88,54.46,54.74,53.96,8372.0,0.0
2025-01-10,54.7,54.7,54.0,54.08,53.31,4995.0,0.0
2025-01-13,53.58,54.0,53.5,53.92,53.16,6043.0,0.0
2025-01-14,53.62,53.76,53.06,53.06,52.31,8003.0,0.0
2025-01-15,53.18,53.34,52.88,53.1,52.35,18954.0,0.0
2025-01-16,53.22,53.72,53.04,53.72,52.96,28118.0,0.0
2025-01-17,54.04,54.56,53.88,54.36,53.59,52095.0,0.0
2025-01-20,54.18,54.96,54.18,54.96,54.18,23373.0,0.0
2025-01-22,54.82,54.92,53.98,54.08,53.31,11911.0,0.0
2025-01-23,54.2,54.6,54.2,54.34,53.57,12682.0,0.0
2025-01-27,53.9,55.38,53.9,55.32,54.54,42663.0,0.0
2025-01-28,55.42,56.08,55.42,55.48,54.69,10122.0,0.0
2025-01-29,54.92,55.46,54.78,55.18,54.4,8331.0,0.0
2025-01-30,55.18,55.9,55.14,55.9,55.11,20745.0,0.0
2025-01-31,55.88,55.96,55.14,55.42,54.63,8721.0,0.0
2025-02-03,55.48,55.98,55.22,55.92,55.13,15321.0,0.0
2025-02-04,55.34,55.62,55.24,55.24,54.46,8460.0,0.0
2025-02-05,55.08,55.88,55.08,55.7,54.91,6341.0,0.0
2025-02-06,55.82,56.12,55.8,55.9,55.11,15758.0,0.0
2025-02-07,55.78,56.42,55.78,56.28,55.48,12640.0,0.0
2025-02-11,56.66,56.94,56.62,56.76,55.95,5739.0,0.0
2025-02-12,56.9,57.18,56.7,56.9,56.09,34766.0,0.0
2025-02-13,54.08,54.08,52.6,53.58,52.82,146043.0,0.0
2025-02-14,53.84,53.84,52.8,52.8,52.05,61129.0,0.0
2025-02-17,52.66,52.84,52.48,52.7,51.95,31863.0,0.0
2025-02-18,52.8,52.8,52.12,52.36,51.62,23722.0,0.0
2025-02-19,52.52,53.3,52.42,53.22,52.47,49289.0,0.0
2025-02-20,53.34,53.38,52.44,52.98,52.23,12162.0,0.0
2025-02-21,52.76,53.26,52.74,53.14,52.39,12846.0,0.0
2025-02-24,53.3,54.14,53.3,54.12,53.35,17061.0,0.0
2025-02-25,52.4,53.56,52.16,53.56,52.8,28835.0,0.0
2025-02-26,53.28,53.8,53.06,53.3,52.54,15974.0,0.0
2025-02-27,52.74,53.88,52.68,53.62,53.24,21948.0,0.43363425
2025-02-28,53.9,54.54,53.8,54.34,53.95,24548.0,0.0
2025-03-03,54.26,55.0,54.22,54.92,54.53,17016.0,0.0
2025-03-04,55.1,56.26,55.1,55.78,55.38,16925.0,0.0
2025-03-05,54.76,54.76,54.06,54.08,53.69,14620.0,0.0
2025-03-06,53.82,54.34,53.54,54.04,53.65,10234.0,0.0
2025-03-07,54.2,55.12,53.88,54.8,54.41,25351.0,0.0
2025-03-10,54.7,56.52,54.7,56.16,55.76,29841.0,0.0
2025-03-11,55.62,55.62,54.12,54.12,53.73,15051.0,0.0
2025-03-12,54.5,54.86,54.26,54.44,54.05,11214.0,0.0
2025-03-13,54.4,54.54,53.62,53.78,53.4,10628.0,0.0
2025-03-14,53.8,54.08,53.74,53.88,53.49,2171.0,0.0
2025-03-18,54.62,54.62,53.52,53.9,53.51,62809.0,0.0
2025-03-19,53.74,54.32,53.74,54.08,53.69,280121.0,0.0
2025-03-20,54.12,54.76,54.12,54.56,54.17,121527.0,0.0
2025-03-21,54.44,54.6,54.12,54.46,54.07,75181.0,0.0
2025-03-25,54.02,54.24,53.7,54.02,53.63,30574.0,0.0
2025-03-26,53.82,53.82,53.54,53.82,53.44,9005.0,0.0
2025-03-27,54.16,54.58,53.66,54.34,53.95,16888.0,0.0
2025-03-28,54.42,55.04,54.42,54.62,54.23,18092.0,0.0
2025-03-31,54.76,55.3,54.68,55.04,54.65,23218.0,0.0
2025-04-01,55.36,55.54,55.14,55.32,54.92,20101.0,0.0
2025-04-02,55.5,55.7,55.24,55.48,55.08,10323.0,0.0
2025-04-03,55.68,56.78,55.24,56.74,56.33,30927.0,0.0
2025-04-04,56.86,57.32,55.16,55.16,54.77,44766.0,0.0
2025-04-07,52.56,53.78,52.0,52.02,51.65,78542.0,0.0
2025-04-08,52.32,54.06,52.14,53.82,53.44,87853.0,0.0
2025-04-09,52.78,52.78,51.74,52.2,51.83,16251.0,0.0
2025-04-10,53.44,53.92,52.48,53.1,52.72,30944.0,0.0
2025-04-11,53.4,54.06,53.04,54.06,53.67,14872.0,0.0
2025-04-14,54.14,54.78,54.02,54.58,54.19,45221.0,0.0
2025-04-15,54.9,55.1,54.6,54.92,54.53,28403.0,0.0
2025-04-16,55.3,55.64,55.12,55.34,54.94,18309.0,0.0
2025-04-17,54.68,56.08,54.68,56.0,55.6,15590.0,0.0
2025-04-22,56.36,57.1,56.36,57.1,56.69,12404.0,0.0
2025-04-23,56.74,56.98,55.82,56.26,55.86,10659.0,0.0
2025-04-24,55.84,56.9,55.8,56.12,55.72,17068.0,0.0
2025-04-25,55.46,55.46,54.92,54.96,54.57,10805.0,0.0
2025-04-28,55.08,55.64,55.0,55.44,55.04,5604.0,0.0
2025-04-29,55.48,55.48,54.76,55.16,54.77,30346.0,0.0
2025-04-30,55.38,56.16,55.36,55.94,55.54,23806.0,0.0
2025-05-02,55.9,56.14,55.66,55.9,55.5,41831.0,0.0
2025-05-05,56.1,56.26,55.88,56.0,55.6,7396.0,0.0
2025-05-06,55.94,56.74,55.94,56.52,56.12,17759.0,0.0
2025-05-07,56.3,56.42,55.98,56.16,55.76,6131.0,0.0
2025-05-08,56.64,56.64,55.5,55.64,55.24,10073.0,0.0
2025-05-09,55.6,55.9,55.38,55.7,55.3,8837.0,0.0
2025-05-12,55.84,55.84,55.0,55.2,54.81,8458.0,0.0
2025-05-13,55.16,55.24,54.32,54.34,53.95,36487.0,0.0
2025-05-15,53.86,54.72,53.86,54.68,54.68,8762.0,0.4464997
2025-05-16,55.02,55.12,54.8,55.06,55.06,13251.0,0.0
2025-05-19,54.9,55.3,54.84,55.28,55.28,2972.0,0.0
2025-05-20,55.52,56.22,55.42,56.04,56.04,13026.0,0.0
2025-05-21,56.14,56.14,55.58,56.02,56.02,5646.0,0.0
2025-05-22,56.02,56.2,55.6,56.08,56.08,14444.0,0.0
2025-05-23,56.08,56.08,55.56,56.0,56.0,10800.0,0.0
2025-05-26,55.84,55.98,55.62,55.62,55.62,3443.0,0.0
2025-05-27,56.02,56.46,55.94,56.4,56.4,10562.0,0.0
2025-05-28,56.14,56.14,55.6,55.94,55.94,9657.0,0.0
2025-05-29,56.14,56.14,55.5,55.5,55.5,9673.0,0.0
2025-05-30,55.94,56.36,55.94,55.96,55.96,2865.0,0.0
2025-06-02,55.98,55.98,55.3,55.48,55.48,76817.0,0.0
2025-06-03,55.42,55.42,55.02,55.24,55.24,9956.0,0.0
2025-06-04,55.1,55.36,54.7,55.04,55.04,7495.0,0.0
2025-06-05,55.16,55.42,54.86,55.2,55.2,43836.0,0.0
2025-06-06,55.32,55.38,54.8,55.04,55.04,56726.0,0.0
2025-06-10,55.14,55.22,54.9,55.18,55.18,13258.0,0.0
2025-06-11,55.02,55.02,54.78,54.92,54.92,19179.0,0.0
2025-06-12,54.72,54.92,54.56,54.62,54.62,7153.0,0.0
2025-06-13,54.56,54.96,54.36,54.58,54.58,13318.0,0.0
2025-06-16,54.26,54.64,54.0,54.42,54.42,14906.0,0.0
2025-06-17,54.22,54.5,53.88,54.22,54.22,22008.0,0.0
2025-06-18,54.24,54.32,53.88,53.88,53.88,11676.0,0.0
2025-06-19,53.94,53.98,53.1,53.64,53.64,9071.0,0.0
2025-06-20,53.84,53.88,53.3,53.3,53.3,10655.0,0.0
2025-06-23,52.94,53.58,52.94,53.52,53.52,9538.0,0.0
2025-06-24,54.22,54.5,53.56,53.58,53.58,46886.0,0.0
2025-06-25,53.56,53.72,52.78,52.82,52.82,6975.0,0.0
2025-06-26,52.58,52.74,51.5,51.58,51.58,23973.0,0.0
2025-06-27,52.02,52.16,51.74,52.08,52.08,19300.0,0.0
2025-06-30,52.1,52.42,51.74,51.76,51.76,16662.0,0.0
2025-07-01,52.06,52.38,51.64,52.38,52.38,21072.0,0.0
2025-07-02,52.2,52.2,51.5,51.76,51.76,31787.0,0.0
2025-07-03,52.04,52.28,51.92,52.18,52.18,48372.0,0.0
2025-07-04,52.12,52.4,51.92,52.26,52.26,19942.0,0.0
2025-07-07,52.18,52.48,52.18,52.4,52.4,32808.0,0.0
2025-07-08,52.08,52.14,51.6,52.08,52.08,49704.0,0.0
2025-07-09,52.0,52.16,51.68,51.78,51.78,44105.0,0.0
2025-07-10,51.94,52.66,51.94,52.54,52.54,18826.0,0.0
2025-07-11,52.54,52.66,51.82,51.82,51.82,29797.0,0.0
2025-07-14,52.0,52.54,51.9,52.34,52.34,14282.0,0.0
2025-07-15,51.98,52.08,51.68,51.78,51.78,27668.0,0.0
2025-07-17,51.54,51.72,51.4,51.4,51.4,25603.0,0.0
2025-07-18,51.74,51.76,51.14,51.54,51.54,33632.0,0.0
2025-07-22,51.02,51.72,50.98,51.38,51.38,49666.0,0.0
2025-07-23,51.64,51.8,51.38,51.58,51.58,13150.0,0.0
2025-07-24,51.58,52.06,51.5,52.0,52.0,5523.0,0.0
2025-07-25,51.38,51.44,51.1,51.4,51.4,8307.0,0.0
2025-07-28,51.54,51.54,51.18,51.28,51.28,7633.0,0.0
2025-07-29,51.16,51.5,51.16,51.4,51.4,5879.0,0.0
2025-07-30,51.4,51.98,51.38,51.62,51.62,6937.0,0.0
2025-07-31,52.22,52.36,50.88,51.1,51.1,22962.0,0.0
2025-08-01,51.8,52.3,51.36,52.1,52.1,15003.0,0.0
